This is pdfTeX, Version 3.141592653-2.6-1.40.22 (MiKTeX 21.6) (preloaded format=pdflatex 2021.8.29)  29 JUN 2026 01:31
entering extended mode
**./main.tex
(main.tex
LaTeX2e <2021-06-01>
L3 programming layer <2021-06-01>
(C:\Users\Marjan\AppData\Local\Programs\MiKTeX\tex/latex/base\book.cls
Document Class: book 2021/02/12 v1.4n Standard LaTeX document class
(C:\Users\Marjan\AppData\Local\Programs\MiKTeX\tex/latex/base\bk11.clo
File: bk11.clo 2021/02/12 v1.4n Standard LaTeX file (size option)
)
\c@part=\count182
\c@chapter=\count183
\c@section=\count184
\c@subsection=\count185
\c@subsubsection=\count186
\c@paragraph=\count187
\c@subparagraph=\count188
\c@figure=\count189
\c@table=\count190
\abovecaptionskip=\skip47
\belowcaptionskip=\skip48
\bibindent=\dimen138
)
(C:\Users\Marjan\AppData\Local\Programs\MiKTeX\tex/latex/amsmath\amsmath.sty
Package: amsmath 2021/04/20 v2.17j AMS math features
\@mathmargin=\skip49

For additional information on amsmath, use the `?' option.
(C:\Users\Marjan\AppData\Local\Programs\MiKTeX\tex/latex/amsmath\amstext.sty
Package: amstext 2000/06/29 v2.01 AMS text

(C:\Users\Marjan\AppData\Local\Programs\MiKTeX\tex/latex/amsmath\amsgen.sty
File: amsgen.sty 1999/11/30 v2.0 generic functions
\@emptytoks=\toks16
\ex@=\dimen139
))
(C:\Users\Marjan\AppData\Local\Programs\MiKTeX\tex/latex/amsmath\amsbsy.sty
Package: amsbsy 1999/11/29 v1.2d Bold Symbols
\pmbraise@=\dimen140
)
(C:\Users\Marjan\AppData\Local\Programs\MiKTeX\tex/latex/amsmath\amsopn.sty
Package: amsopn 2016/03/08 v2.02 operator names
)
\inf@bad=\count191
LaTeX Info: Redefining \frac on input line 234.
\uproot@=\count192
\leftroot@=\count193
LaTeX Info: Redefining \overline on input line 399.
\classnum@=\count194
\DOTSCASE@=\count195
LaTeX Info: Redefining \ldots on input line 496.
LaTeX Info: Redefining \dots on input line 499.
LaTeX Info: Redefining \cdots on input line 620.
\Mathstrutbox@=\box50
\strutbox@=\box51
\big@size=\dimen141
LaTeX Font Info:    Redeclaring font encoding OML on input line 743.
LaTeX Font Info:    Redeclaring font encoding OMS on input line 744.
\macc@depth=\count196
\c@MaxMatrixCols=\count197
\dotsspace@=\muskip16
\c@parentequation=\count198
\dspbrk@lvl=\count199
\tag@help=\toks17
\row@=\count266
\column@=\count267
\maxfields@=\count268
\andhelp@=\toks18
\eqnshift@=\dimen142
\alignsep@=\dimen143
\tagshift@=\dimen144
\tagwidth@=\dimen145
\totwidth@=\dimen146
\lineht@=\dimen147
\@envbody=\toks19
\multlinegap=\skip50
\multlinetaggap=\skip51
\mathdisplay@stack=\toks20
LaTeX Info: Redefining \[ on input line 2923.
LaTeX Info: Redefining \] on input line 2924.
)
(C:\Users\Marjan\AppData\Local\Programs\MiKTeX\tex/latex/graphics\graphicx.sty
Package: graphicx 2020/12/05 v1.2c Enhanced LaTeX Graphics (DPC,SPQR)

(C:\Users\Marjan\AppData\Local\Programs\MiKTeX\tex/latex/graphics\keyval.sty
Package: keyval 2014/10/28 v1.15 key=value parser (DPC)
\KV@toks@=\toks21
)
(C:\Users\Marjan\AppData\Local\Programs\MiKTeX\tex/latex/graphics\graphics.sty
Package: graphics 2021/03/04 v1.4d Standard LaTeX Graphics (DPC,SPQR)

(C:\Users\Marjan\AppData\Local\Programs\MiKTeX\tex/latex/graphics\trig.sty
Package: trig 2016/01/03 v1.10 sin cos tan (DPC)
)
(C:\Users\Marjan\AppData\Local\Programs\MiKTeX\tex/latex/graphics-cfg\graphics.
cfg
File: graphics.cfg 2016/06/04 v1.11 sample graphics configuration
)
Package graphics Info: Driver file: pdftex.def on input line 107.

(C:\Users\Marjan\AppData\Local\Programs\MiKTeX\tex/latex/graphics-def\pdftex.de
f
File: pdftex.def 2020/10/05 v1.2a Graphics/color driver for pdftex
))
\Gin@req@height=\dimen148
\Gin@req@width=\dimen149
)
(C:\Users\Marjan\AppData\Local\Programs\MiKTeX\tex/latex/geometry\geometry.sty
Package: geometry 2020/01/02 v5.9 Page Geometry

(C:\Users\Marjan\AppData\Local\Programs\MiKTeX\tex/generic/iftex\ifvtex.sty
Package: ifvtex 2019/10/25 v1.7 ifvtex legacy package. Use iftex instead.

(C:\Users\Marjan\AppData\Local\Programs\MiKTeX\tex/generic/iftex\iftex.sty
Package: iftex 2020/03/06 v1.0d TeX engine tests
))
\Gm@cnth=\count269
\Gm@cntv=\count270
\c@Gm@tempcnt=\count271
\Gm@bindingoffset=\dimen150
\Gm@wd@mp=\dimen151
\Gm@odd@mp=\dimen152
\Gm@even@mp=\dimen153
\Gm@layoutwidth=\dimen154
\Gm@layoutheight=\dimen155
\Gm@layouthoffset=\dimen156
\Gm@layoutvoffset=\dimen157
\Gm@dimlist=\toks22

(C:\Users\Marjan\AppData\Local\Programs\MiKTeX\tex/latex/geometry\geometry.cfg)
)
(C:\Users\Marjan\AppData\Local\Programs\MiKTeX\tex/latex/fancyhdr\fancyhdr.sty
Package: fancyhdr 2021/01/28 v4.0.1 Extensive control of page headers and foote
rs
\f@nch@headwidth=\skip52
\f@nch@O@elh=\skip53
\f@nch@O@erh=\skip54
\f@nch@O@olh=\skip55
\f@nch@O@orh=\skip56
\f@nch@O@elf=\skip57
\f@nch@O@erf=\skip58
\f@nch@O@olf=\skip59
\f@nch@O@orf=\skip60
) (C:\Users\Marjan\AppData\Local\Programs\MiKTeX\tex/latex/hyperref\hyperref.st
y
Package: hyperref 2021-06-05 v7.00l Hypertext links for LaTeX
(C:\Users\Marjan\AppData\Local\Programs\MiKTeX\tex/generic/ltxcmds\ltxcmds.sty
Package: ltxcmds 2020-05-10 v1.25 LaTeX kernel commands for general use (HO)
)
(C:\Users\Marjan\AppData\Local\Programs\MiKTeX\tex/generic/pdftexcmds\pdftexcmd
s.sty
Package: pdftexcmds 2020-06-27 v0.33 Utility functions of pdfTeX for LuaTeX (HO
)

(C:\Users\Marjan\AppData\Local\Programs\MiKTeX\tex/generic/infwarerr\infwarerr.
sty
Package: infwarerr 2019/12/03 v1.5 Providing info/warning/error messages (HO)
)
Package pdftexcmds Info: \pdf@primitive is available.
Package pdftexcmds Info: \pdf@ifprimitive is available.
Package pdftexcmds Info: \pdfdraftmode found.
)
(C:\Users\Marjan\AppData\Local\Programs\MiKTeX\tex/generic/kvsetkeys\kvsetkeys.
sty
Package: kvsetkeys 2019/12/15 v1.18 Key value parser (HO)
)
(C:\Users\Marjan\AppData\Local\Programs\MiKTeX\tex/generic/kvdefinekeys\kvdefin
ekeys.sty
Package: kvdefinekeys 2019-12-19 v1.6 Define keys (HO)
)
(C:\Users\Marjan\AppData\Local\Programs\MiKTeX\tex/generic/pdfescape\pdfescape.
sty
Package: pdfescape 2019/12/09 v1.15 Implements pdfTeX's escape features (HO)
)
(C:\Users\Marjan\AppData\Local\Programs\MiKTeX\tex/latex/hycolor\hycolor.sty
Package: hycolor 2020-01-27 v1.10 Color options for hyperref/bookmark (HO)
)
(C:\Users\Marjan\AppData\Local\Programs\MiKTeX\tex/latex/letltxmacro\letltxmacr
o.sty
Package: letltxmacro 2019/12/03 v1.6 Let assignment for LaTeX macros (HO)
)
(C:\Users\Marjan\AppData\Local\Programs\MiKTeX\tex/latex/auxhook\auxhook.sty
Package: auxhook 2019-12-17 v1.6 Hooks for auxiliary files (HO)
)
(C:\Users\Marjan\AppData\Local\Programs\MiKTeX\tex/latex/kvoptions\kvoptions.st
y
Package: kvoptions 2020-10-07 v3.14 Key value format for package options (HO)
)
\@linkdim=\dimen158
\Hy@linkcounter=\count272
\Hy@pagecounter=\count273
 (C:\Users\Marjan\AppData\Local\Programs\MiKTeX\tex/latex/hyperref\pd1enc.def
File: pd1enc.def 2021-06-05 v7.00l Hyperref: PDFDocEncoding definition (HO)
Now handling font encoding PD1 ...
... no UTF-8 mapping file for font encoding PD1
)
(C:\Users\Marjan\AppData\Local\Programs\MiKTeX\tex/latex/hyperref\hyperref-lang
patches.def
File: hyperref-langpatches.def 2021-06-05 v7.00l Hyperref: patches for babel la
nguages
)
(C:\Users\Marjan\AppData\Local\Programs\MiKTeX\tex/generic/intcalc\intcalc.sty
Package: intcalc 2019/12/15 v1.3 Expandable calculations with integers (HO)
)
(C:\Users\Marjan\AppData\Local\Programs\MiKTeX\tex/generic/etexcmds\etexcmds.st
y
Package: etexcmds 2019/12/15 v1.7 Avoid name clashes with e-TeX commands (HO)
)
\Hy@SavedSpaceFactor=\count274
 (C:\Users\Marjan\AppData\Local\Programs\MiKTeX\tex/latex/hyperref\puenc.def
File: puenc.def 2021-06-05 v7.00l Hyperref: PDF Unicode definition (HO)
Now handling font encoding PU ...
... no UTF-8 mapping file for font encoding PU
)
Package hyperref Info: Hyper figures OFF on input line 4192.
Package hyperref Info: Link nesting OFF on input line 4197.
Package hyperref Info: Hyper index ON on input line 4200.
Package hyperref Info: Plain pages OFF on input line 4207.
Package hyperref Info: Backreferencing OFF on input line 4212.
Package hyperref Info: Implicit mode ON; LaTeX internals redefined.
Package hyperref Info: Bookmarks ON on input line 4445.
\c@Hy@tempcnt=\count275
(C:\Users\Marjan\AppData\Local\Programs\MiKTeX\tex/latex/url\url.sty
\Urlmuskip=\muskip17
Package: url 2013/09/16  ver 3.4  Verb mode for urls, etc.
)
LaTeX Info: Redefining \url on input line 4804.
\XeTeXLinkMargin=\dimen159

(C:\Users\Marjan\AppData\Local\Programs\MiKTeX\tex/generic/bitset\bitset.sty
Package: bitset 2019/12/09 v1.3 Handle bit-vector datatype (HO)

(C:\Users\Marjan\AppData\Local\Programs\MiKTeX\tex/generic/bigintcalc\bigintcal
c.sty
Package: bigintcalc 2019/12/15 v1.5 Expandable calculations on big integers (HO
)
))
\Fld@menulength=\count276
\Field@Width=\dimen160
\Fld@charsize=\dimen161
Package hyperref Info: Hyper figures OFF on input line 6076.
Package hyperref Info: Link nesting OFF on input line 6081.
Package hyperref Info: Hyper index ON on input line 6084.
Package hyperref Info: backreferencing OFF on input line 6091.
Package hyperref Info: Link coloring OFF on input line 6096.
Package hyperref Info: Link coloring with OCG OFF on input line 6101.
Package hyperref Info: PDF/A mode OFF on input line 6106.
LaTeX Info: Redefining \ref on input line 6146.
LaTeX Info: Redefining \pageref on input line 6150.

(C:\Users\Marjan\AppData\Local\Programs\MiKTeX\tex/latex/base\atbegshi-ltx.sty
Package: atbegshi-ltx 2021/01/10 v1.0c Emulation of the original atbegshi
package with kernel methods
)
\Hy@abspage=\count277
\c@Item=\count278
\c@Hfootnote=\count279
)
Package hyperref Info: Driver (autodetected): hpdftex.
 (C:\Users\Marjan\AppData\Local\Programs\MiKTeX\tex/latex/hyperref\hpdftex.def
File: hpdftex.def 2021-06-05 v7.00l Hyperref driver for pdfTeX

(C:\Users\Marjan\AppData\Local\Programs\MiKTeX\tex/latex/base\atveryend-ltx.sty
Package: atveryend-ltx 2020/08/19 v1.0a Emulation of the original atvery packag
e
with kernel methods
)
\Fld@listcount=\count280
\c@bookmark@seq@number=\count281

(C:\Users\Marjan\AppData\Local\Programs\MiKTeX\tex/latex/rerunfilecheck\rerunfi
lecheck.sty
Package: rerunfilecheck 2019/12/05 v1.9 Rerun checks for auxiliary files (HO)

(C:\Users\Marjan\AppData\Local\Programs\MiKTeX\tex/generic/uniquecounter\unique
counter.sty
Package: uniquecounter 2019/12/15 v1.4 Provide unlimited unique counter (HO)
)
Package uniquecounter Info: New unique counter `rerunfilecheck' on input line 2
86.
)
\Hy@SectionHShift=\skip61
)
(C:\Users\Marjan\AppData\Local\Programs\MiKTeX\tex/latex/listings\listings.sty
\lst@mode=\count282
\lst@gtempboxa=\box52
\lst@token=\toks23
\lst@length=\count283
\lst@currlwidth=\dimen162
\lst@column=\count284
\lst@pos=\count285
\lst@lostspace=\dimen163
\lst@width=\dimen164
\lst@newlines=\count286
\lst@lineno=\count287
\lst@maxwidth=\dimen165

(C:\Users\Marjan\AppData\Local\Programs\MiKTeX\tex/latex/listings\lstmisc.sty
File: lstmisc.sty 2020/03/24 1.8d (Carsten Heinz)
\c@lstnumber=\count288
\lst@skipnumbers=\count289
\lst@framebox=\box53
)
(C:\Users\Marjan\AppData\Local\Programs\MiKTeX\tex/latex/listings\listings.cfg
File: listings.cfg 2020/03/24 1.8d listings configuration
))
Package: listings 2020/03/24 1.8d (Carsten Heinz)
 (C:\Users\Marjan\AppData\Local\Programs\MiKTeX\tex/latex/lipsum\lipsum.sty
(C:\Users\Marjan\AppData\Local\Programs\MiKTeX\tex/latex/l3packages/l3keys2e\l3
keys2e.sty
(C:\Users\Marjan\AppData\Local\Programs\MiKTeX\tex/latex/l3kernel\expl3.sty
Package: expl3 2021-06-01 L3 programming layer (loader) 

(C:\Users\Marjan\AppData\Local\Programs\MiKTeX\tex/latex/l3backend\l3backend-pd
ftex.def
File: l3backend-pdftex.def 2021-05-07 L3 backend support: PDF output (pdfTeX)
\l__color_backend_stack_int=\count290
\l__pdf_internal_box=\box54
))
Package: l3keys2e 2021-06-01 LaTeX2e option processing using LaTeX3 keys
)
Package: lipsum 2021-08-01 v2.5 150 paragraphs of Lorem Ipsum dummy text
\g__lipsum_par_int=\count291
\l__lipsum_a_int=\count292
\l__lipsum_b_int=\count293

(C:\Users\Marjan\AppData\Local\Programs\MiKTeX\tex/latex/lipsum\lipsum.ltd.tex)
) (C:\Users\Marjan\AppData\Local\Programs\MiKTeX\tex/latex/psnfss\helvet.sty
Package: helvet 2020/03/25 PSNFSS-v9.3 (WaS) 
)
(C:\Users\Marjan\AppData\Local\Programs\MiKTeX\tex/latex/arydshln\arydshln.sty
Package: arydshln 2019/02/21 v1.76 
\dashlinedash=\dimen166
\dashlinegap=\dimen167
\adl@box=\box55
\adl@height=\dimen168
\adl@heightsave=\dimen169
\adl@depth=\dimen170
\adl@depthsave=\dimen171
\adl@finaldepth=\dimen172
\adl@columns=\count294
\adl@ncol=\count295
\adl@currentcolumn=\count296
\adl@currentcolumnsave=\count297
\adl@totalheight=\count298
\adl@totalheightsave=\count299
\adl@dash=\count300
\adl@gap=\count301
\adl@cla=\count302
\adl@clb=\count303
\adl@everyvbox=\toks24
\adl@LTpagetotal=\dimen173
)
(C:\Users\Marjan\AppData\Local\Programs\MiKTeX\tex/latex/pgf/frontendlayer\tikz
.sty
(C:\Users\Marjan\AppData\Local\Programs\MiKTeX\tex/latex/pgf/basiclayer\pgf.sty

(C:\Users\Marjan\AppData\Local\Programs\MiKTeX\tex/latex/pgf/utilities\pgfrcs.s
ty
(C:\Users\Marjan\AppData\Local\Programs\MiKTeX\tex/generic/pgf/utilities\pgfuti
l-common.tex
\pgfutil@everybye=\toks25
\pgfutil@tempdima=\dimen174
\pgfutil@tempdimb=\dimen175

(C:\Users\Marjan\AppData\Local\Programs\MiKTeX\tex/generic/pgf/utilities\pgfuti
l-common-lists.tex))
(C:\Users\Marjan\AppData\Local\Programs\MiKTeX\tex/generic/pgf/utilities\pgfuti
l-latex.def
\pgfutil@abb=\box56
)
(C:\Users\Marjan\AppData\Local\Programs\MiKTeX\tex/generic/pgf/utilities\pgfrcs
.code.tex
(C:\Users\Marjan\AppData\Local\Programs\MiKTeX\tex/generic/pgf\pgf.revision.tex
)
Package: pgfrcs 2021/05/15 v3.1.9a (3.1.9a)
))
Package: pgf 2021/05/15 v3.1.9a (3.1.9a)

(C:\Users\Marjan\AppData\Local\Programs\MiKTeX\tex/latex/pgf/basiclayer\pgfcore
.sty
(C:\Users\Marjan\AppData\Local\Programs\MiKTeX\tex/latex/pgf/systemlayer\pgfsys
.sty
(C:\Users\Marjan\AppData\Local\Programs\MiKTeX\tex/generic/pgf/systemlayer\pgfs
ys.code.tex
Package: pgfsys 2021/05/15 v3.1.9a (3.1.9a)

(C:\Users\Marjan\AppData\Local\Programs\MiKTeX\tex/generic/pgf/utilities\pgfkey
s.code.tex
\pgfkeys@pathtoks=\toks26
\pgfkeys@temptoks=\toks27

(C:\Users\Marjan\AppData\Local\Programs\MiKTeX\tex/generic/pgf/utilities\pgfkey
sfiltered.code.tex
\pgfkeys@tmptoks=\toks28
))
\pgf@x=\dimen176
\pgf@y=\dimen177
\pgf@xa=\dimen178
\pgf@ya=\dimen179
\pgf@xb=\dimen180
\pgf@yb=\dimen181
\pgf@xc=\dimen182
\pgf@yc=\dimen183
\pgf@xd=\dimen184
\pgf@yd=\dimen185
\w@pgf@writea=\write3
\r@pgf@reada=\read2
\c@pgf@counta=\count304
\c@pgf@countb=\count305
\c@pgf@countc=\count306
\c@pgf@countd=\count307
\t@pgf@toka=\toks29
\t@pgf@tokb=\toks30
\t@pgf@tokc=\toks31
\pgf@sys@id@count=\count308

(C:\Users\Marjan\AppData\Local\Programs\MiKTeX\tex/generic/pgf/systemlayer\pgf.
cfg
File: pgf.cfg 2021/05/15 v3.1.9a (3.1.9a)
)
Driver file for pgf: pgfsys-pdftex.def

(C:\Users\Marjan\AppData\Local\Programs\MiKTeX\tex/generic/pgf/systemlayer\pgfs
ys-pdftex.def
File: pgfsys-pdftex.def 2021/05/15 v3.1.9a (3.1.9a)

(C:\Users\Marjan\AppData\Local\Programs\MiKTeX\tex/generic/pgf/systemlayer\pgfs
ys-common-pdf.def
File: pgfsys-common-pdf.def 2021/05/15 v3.1.9a (3.1.9a)
)))
(C:\Users\Marjan\AppData\Local\Programs\MiKTeX\tex/generic/pgf/systemlayer\pgfs
yssoftpath.code.tex
File: pgfsyssoftpath.code.tex 2021/05/15 v3.1.9a (3.1.9a)
\pgfsyssoftpath@smallbuffer@items=\count309
\pgfsyssoftpath@bigbuffer@items=\count310
)
(C:\Users\Marjan\AppData\Local\Programs\MiKTeX\tex/generic/pgf/systemlayer\pgfs
ysprotocol.code.tex
File: pgfsysprotocol.code.tex 2021/05/15 v3.1.9a (3.1.9a)
))
(C:\Users\Marjan\AppData\Local\Programs\MiKTeX\tex/latex/xcolor\xcolor.sty
Package: xcolor 2016/05/11 v2.12 LaTeX color extensions (UK)

(C:\Users\Marjan\AppData\Local\Programs\MiKTeX\tex/latex/graphics-cfg\color.cfg
File: color.cfg 2016/01/02 v1.6 sample color configuration
)
Package xcolor Info: Driver file: pdftex.def on input line 225.
Package xcolor Info: Model `cmy' substituted by `cmy0' on input line 1348.
Package xcolor Info: Model `hsb' substituted by `rgb' on input line 1352.
Package xcolor Info: Model `RGB' extended on input line 1364.
Package xcolor Info: Model `HTML' substituted by `rgb' on input line 1366.
Package xcolor Info: Model `Hsb' substituted by `hsb' on input line 1367.
Package xcolor Info: Model `tHsb' substituted by `hsb' on input line 1368.
Package xcolor Info: Model `HSB' substituted by `hsb' on input line 1369.
Package xcolor Info: Model `Gray' substituted by `gray' on input line 1370.
Package xcolor Info: Model `wave' substituted by `hsb' on input line 1371.
)
(C:\Users\Marjan\AppData\Local\Programs\MiKTeX\tex/generic/pgf/basiclayer\pgfco
re.code.tex
Package: pgfcore 2021/05/15 v3.1.9a (3.1.9a)

(C:\Users\Marjan\AppData\Local\Programs\MiKTeX\tex/generic/pgf/math\pgfmath.cod
e.tex
(C:\Users\Marjan\AppData\Local\Programs\MiKTeX\tex/generic/pgf/math\pgfmathcalc
.code.tex
(C:\Users\Marjan\AppData\Local\Programs\MiKTeX\tex/generic/pgf/math\pgfmathutil
.code.tex)
(C:\Users\Marjan\AppData\Local\Programs\MiKTeX\tex/generic/pgf/math\pgfmathpars
er.code.tex
\pgfmath@dimen=\dimen186
\pgfmath@count=\count311
\pgfmath@box=\box57
\pgfmath@toks=\toks32
\pgfmath@stack@operand=\toks33
\pgfmath@stack@operation=\toks34
)
(C:\Users\Marjan\AppData\Local\Programs\MiKTeX\tex/generic/pgf/math\pgfmathfunc
tions.code.tex
(C:\Users\Marjan\AppData\Local\Programs\MiKTeX\tex/generic/pgf/math\pgfmathfunc
tions.basic.code.tex)
(C:\Users\Marjan\AppData\Local\Programs\MiKTeX\tex/generic/pgf/math\pgfmathfunc
tions.trigonometric.code.tex)
(C:\Users\Marjan\AppData\Local\Programs\MiKTeX\tex/generic/pgf/math\pgfmathfunc
tions.random.code.tex)
(C:\Users\Marjan\AppData\Local\Programs\MiKTeX\tex/generic/pgf/math\pgfmathfunc
tions.comparison.code.tex)
(C:\Users\Marjan\AppData\Local\Programs\MiKTeX\tex/generic/pgf/math\pgfmathfunc
tions.base.code.tex)
(C:\Users\Marjan\AppData\Local\Programs\MiKTeX\tex/generic/pgf/math\pgfmathfunc
tions.round.code.tex)
(C:\Users\Marjan\AppData\Local\Programs\MiKTeX\tex/generic/pgf/math\pgfmathfunc
tions.misc.code.tex)
(C:\Users\Marjan\AppData\Local\Programs\MiKTeX\tex/generic/pgf/math\pgfmathfunc
tions.integerarithmetics.code.tex)))
(C:\Users\Marjan\AppData\Local\Programs\MiKTeX\tex/generic/pgf/math\pgfmathfloa
t.code.tex
\c@pgfmathroundto@lastzeros=\count312
))
(C:\Users\Marjan\AppData\Local\Programs\MiKTeX\tex/generic/pgf/math\pgfint.code
.tex)
(C:\Users\Marjan\AppData\Local\Programs\MiKTeX\tex/generic/pgf/basiclayer\pgfco
repoints.code.tex
File: pgfcorepoints.code.tex 2021/05/15 v3.1.9a (3.1.9a)
\pgf@picminx=\dimen187
\pgf@picmaxx=\dimen188
\pgf@picminy=\dimen189
\pgf@picmaxy=\dimen190
\pgf@pathminx=\dimen191
\pgf@pathmaxx=\dimen192
\pgf@pathminy=\dimen193
\pgf@pathmaxy=\dimen194
\pgf@xx=\dimen195
\pgf@xy=\dimen196
\pgf@yx=\dimen197
\pgf@yy=\dimen198
\pgf@zx=\dimen199
\pgf@zy=\dimen256
)
(C:\Users\Marjan\AppData\Local\Programs\MiKTeX\tex/generic/pgf/basiclayer\pgfco
repathconstruct.code.tex
File: pgfcorepathconstruct.code.tex 2021/05/15 v3.1.9a (3.1.9a)
\pgf@path@lastx=\dimen257
\pgf@path@lasty=\dimen258
)
(C:\Users\Marjan\AppData\Local\Programs\MiKTeX\tex/generic/pgf/basiclayer\pgfco
repathusage.code.tex
File: pgfcorepathusage.code.tex 2021/05/15 v3.1.9a (3.1.9a)
\pgf@shorten@end@additional=\dimen259
\pgf@shorten@start@additional=\dimen260
)
(C:\Users\Marjan\AppData\Local\Programs\MiKTeX\tex/generic/pgf/basiclayer\pgfco
rescopes.code.tex
File: pgfcorescopes.code.tex 2021/05/15 v3.1.9a (3.1.9a)
\pgfpic=\box58
\pgf@hbox=\box59
\pgf@layerbox@main=\box60
\pgf@picture@serial@count=\count313
)
(C:\Users\Marjan\AppData\Local\Programs\MiKTeX\tex/generic/pgf/basiclayer\pgfco
regraphicstate.code.tex
File: pgfcoregraphicstate.code.tex 2021/05/15 v3.1.9a (3.1.9a)
\pgflinewidth=\dimen261
)
(C:\Users\Marjan\AppData\Local\Programs\MiKTeX\tex/generic/pgf/basiclayer\pgfco
retransformations.code.tex
File: pgfcoretransformations.code.tex 2021/05/15 v3.1.9a (3.1.9a)
\pgf@pt@x=\dimen262
\pgf@pt@y=\dimen263
\pgf@pt@temp=\dimen264
)
(C:\Users\Marjan\AppData\Local\Programs\MiKTeX\tex/generic/pgf/basiclayer\pgfco
requick.code.tex
File: pgfcorequick.code.tex 2021/05/15 v3.1.9a (3.1.9a)
)
(C:\Users\Marjan\AppData\Local\Programs\MiKTeX\tex/generic/pgf/basiclayer\pgfco
reobjects.code.tex
File: pgfcoreobjects.code.tex 2021/05/15 v3.1.9a (3.1.9a)
)
(C:\Users\Marjan\AppData\Local\Programs\MiKTeX\tex/generic/pgf/basiclayer\pgfco
repathprocessing.code.tex
File: pgfcorepathprocessing.code.tex 2021/05/15 v3.1.9a (3.1.9a)
)
(C:\Users\Marjan\AppData\Local\Programs\MiKTeX\tex/generic/pgf/basiclayer\pgfco
rearrows.code.tex
File: pgfcorearrows.code.tex 2021/05/15 v3.1.9a (3.1.9a)
\pgfarrowsep=\dimen265
)
(C:\Users\Marjan\AppData\Local\Programs\MiKTeX\tex/generic/pgf/basiclayer\pgfco
reshade.code.tex
File: pgfcoreshade.code.tex 2021/05/15 v3.1.9a (3.1.9a)
\pgf@max=\dimen266
\pgf@sys@shading@range@num=\count314
\pgf@shadingcount=\count315
)
(C:\Users\Marjan\AppData\Local\Programs\MiKTeX\tex/generic/pgf/basiclayer\pgfco
reimage.code.tex
File: pgfcoreimage.code.tex 2021/05/15 v3.1.9a (3.1.9a)

(C:\Users\Marjan\AppData\Local\Programs\MiKTeX\tex/generic/pgf/basiclayer\pgfco
reexternal.code.tex
File: pgfcoreexternal.code.tex 2021/05/15 v3.1.9a (3.1.9a)
\pgfexternal@startupbox=\box61
))
(C:\Users\Marjan\AppData\Local\Programs\MiKTeX\tex/generic/pgf/basiclayer\pgfco
relayers.code.tex
File: pgfcorelayers.code.tex 2021/05/15 v3.1.9a (3.1.9a)
)
(C:\Users\Marjan\AppData\Local\Programs\MiKTeX\tex/generic/pgf/basiclayer\pgfco
retransparency.code.tex
File: pgfcoretransparency.code.tex 2021/05/15 v3.1.9a (3.1.9a)
)
(C:\Users\Marjan\AppData\Local\Programs\MiKTeX\tex/generic/pgf/basiclayer\pgfco
repatterns.code.tex
File: pgfcorepatterns.code.tex 2021/05/15 v3.1.9a (3.1.9a)
)
(C:\Users\Marjan\AppData\Local\Programs\MiKTeX\tex/generic/pgf/basiclayer\pgfco
rerdf.code.tex
File: pgfcorerdf.code.tex 2021/05/15 v3.1.9a (3.1.9a)
)))
(C:\Users\Marjan\AppData\Local\Programs\MiKTeX\tex/generic/pgf/modules\pgfmodul
eshapes.code.tex
File: pgfmoduleshapes.code.tex 2021/05/15 v3.1.9a (3.1.9a)
\pgfnodeparttextbox=\box62
)
(C:\Users\Marjan\AppData\Local\Programs\MiKTeX\tex/generic/pgf/modules\pgfmodul
eplot.code.tex
File: pgfmoduleplot.code.tex 2021/05/15 v3.1.9a (3.1.9a)
)
(C:\Users\Marjan\AppData\Local\Programs\MiKTeX\tex/latex/pgf/compatibility\pgfc
omp-version-0-65.sty
Package: pgfcomp-version-0-65 2021/05/15 v3.1.9a (3.1.9a)
\pgf@nodesepstart=\dimen267
\pgf@nodesepend=\dimen268
)
(C:\Users\Marjan\AppData\Local\Programs\MiKTeX\tex/latex/pgf/compatibility\pgfc
omp-version-1-18.sty
Package: pgfcomp-version-1-18 2021/05/15 v3.1.9a (3.1.9a)
))
(C:\Users\Marjan\AppData\Local\Programs\MiKTeX\tex/latex/pgf/utilities\pgffor.s
ty
(C:\Users\Marjan\AppData\Local\Programs\MiKTeX\tex/latex/pgf/utilities\pgfkeys.
sty
(C:\Users\Marjan\AppData\Local\Programs\MiKTeX\tex/generic/pgf/utilities\pgfkey
s.code.tex))
(C:\Users\Marjan\AppData\Local\Programs\MiKTeX\tex/latex/pgf/math\pgfmath.sty
(C:\Users\Marjan\AppData\Local\Programs\MiKTeX\tex/generic/pgf/math\pgfmath.cod
e.tex))
(C:\Users\Marjan\AppData\Local\Programs\MiKTeX\tex/generic/pgf/utilities\pgffor
.code.tex
Package: pgffor 2021/05/15 v3.1.9a (3.1.9a)

(C:\Users\Marjan\AppData\Local\Programs\MiKTeX\tex/generic/pgf/math\pgfmath.cod
e.tex)
\pgffor@iter=\dimen269
\pgffor@skip=\dimen270
\pgffor@stack=\toks35
\pgffor@toks=\toks36
))
(C:\Users\Marjan\AppData\Local\Programs\MiKTeX\tex/generic/pgf/frontendlayer/ti
kz\tikz.code.tex
Package: tikz 2021/05/15 v3.1.9a (3.1.9a)

(C:\Users\Marjan\AppData\Local\Programs\MiKTeX\tex/generic/pgf/libraries\pgflib
raryplothandlers.code.tex
File: pgflibraryplothandlers.code.tex 2021/05/15 v3.1.9a (3.1.9a)
\pgf@plot@mark@count=\count316
\pgfplotmarksize=\dimen271
)
\tikz@lastx=\dimen272
\tikz@lasty=\dimen273
\tikz@lastxsaved=\dimen274
\tikz@lastysaved=\dimen275
\tikz@lastmovetox=\dimen276
\tikz@lastmovetoy=\dimen277
\tikzleveldistance=\dimen278
\tikzsiblingdistance=\dimen279
\tikz@figbox=\box63
\tikz@figbox@bg=\box64
\tikz@tempbox=\box65
\tikz@tempbox@bg=\box66
\tikztreelevel=\count317
\tikznumberofchildren=\count318
\tikznumberofcurrentchild=\count319
\tikz@fig@count=\count320

(C:\Users\Marjan\AppData\Local\Programs\MiKTeX\tex/generic/pgf/modules\pgfmodul
ematrix.code.tex
File: pgfmodulematrix.code.tex 2021/05/15 v3.1.9a (3.1.9a)
\pgfmatrixcurrentrow=\count321
\pgfmatrixcurrentcolumn=\count322
\pgf@matrix@numberofcolumns=\count323
)
\tikz@expandcount=\count324

(C:\Users\Marjan\AppData\Local\Programs\MiKTeX\tex/generic/pgf/frontendlayer/ti
kz/libraries\tikzlibrarytopaths.code.tex
File: tikzlibrarytopaths.code.tex 2021/05/15 v3.1.9a (3.1.9a)
)))
(C:\Users\Marjan\AppData\Local\Programs\MiKTeX\tex/generic/pgf/frontendlayer/ti
kz/libraries\tikzlibrarypositioning.code.tex
File: tikzlibrarypositioning.code.tex 2021/05/15 v3.1.9a (3.1.9a)
)
(C:\Users\Marjan\AppData\Local\Programs\MiKTeX\tex/generic/pgf/libraries\pgflib
raryarrows.meta.code.tex
File: pgflibraryarrows.meta.code.tex 2021/05/15 v3.1.9a (3.1.9a)
\pgfarrowinset=\dimen280
\pgfarrowlength=\dimen281
\pgfarrowwidth=\dimen282
\pgfarrowlinewidth=\dimen283
)
(C:\Users\Marjan\AppData\Local\Programs\MiKTeX\tex/generic/pgf/frontendlayer/ti
kz/libraries\tikzlibraryshapes.code.tex
File: tikzlibraryshapes.code.tex 2021/05/15 v3.1.9a (3.1.9a)

(C:\Users\Marjan\AppData\Local\Programs\MiKTeX\tex/generic/pgf/frontendlayer/ti
kz/libraries\tikzlibraryshapes.geometric.code.tex
File: tikzlibraryshapes.geometric.code.tex 2021/05/15 v3.1.9a (3.1.9a)

(C:\Users\Marjan\AppData\Local\Programs\MiKTeX\tex/generic/pgf/libraries/shapes
\pgflibraryshapes.geometric.code.tex
File: pgflibraryshapes.geometric.code.tex 2021/05/15 v3.1.9a (3.1.9a)
))
(C:\Users\Marjan\AppData\Local\Programs\MiKTeX\tex/generic/pgf/frontendlayer/ti
kz/libraries\tikzlibraryshapes.misc.code.tex
File: tikzlibraryshapes.misc.code.tex 2021/05/15 v3.1.9a (3.1.9a)

(C:\Users\Marjan\AppData\Local\Programs\MiKTeX\tex/generic/pgf/libraries/shapes
\pgflibraryshapes.misc.code.tex
File: pgflibraryshapes.misc.code.tex 2021/05/15 v3.1.9a (3.1.9a)
))
(C:\Users\Marjan\AppData\Local\Programs\MiKTeX\tex/generic/pgf/frontendlayer/ti
kz/libraries\tikzlibraryshapes.symbols.code.tex
File: tikzlibraryshapes.symbols.code.tex 2021/05/15 v3.1.9a (3.1.9a)

(C:\Users\Marjan\AppData\Local\Programs\MiKTeX\tex/generic/pgf/libraries/shapes
\pgflibraryshapes.symbols.code.tex
File: pgflibraryshapes.symbols.code.tex 2021/05/15 v3.1.9a (3.1.9a)
))
(C:\Users\Marjan\AppData\Local\Programs\MiKTeX\tex/generic/pgf/frontendlayer/ti
kz/libraries\tikzlibraryshapes.arrows.code.tex
File: tikzlibraryshapes.arrows.code.tex 2021/05/15 v3.1.9a (3.1.9a)

(C:\Users\Marjan\AppData\Local\Programs\MiKTeX\tex/generic/pgf/libraries/shapes
\pgflibraryshapes.arrows.code.tex
File: pgflibraryshapes.arrows.code.tex 2021/05/15 v3.1.9a (3.1.9a)
))
(C:\Users\Marjan\AppData\Local\Programs\MiKTeX\tex/generic/pgf/frontendlayer/ti
kz/libraries\tikzlibraryshapes.callouts.code.tex
(C:\Users\Marjan\AppData\Local\Programs\MiKTeX\tex/generic/pgf/libraries/shapes
\pgflibraryshapes.callouts.code.tex))
(C:\Users\Marjan\AppData\Local\Programs\MiKTeX\tex/generic/pgf/frontendlayer/ti
kz/libraries\tikzlibraryshapes.multipart.code.tex
File: tikzlibraryshapes.multipart.code.tex 2021/05/15 v3.1.9a (3.1.9a)

(C:\Users\Marjan\AppData\Local\Programs\MiKTeX\tex/generic/pgf/libraries/shapes
\pgflibraryshapes.multipart.code.tex
File: pgflibraryshapes.multipart.code.tex 2021/05/15 v3.1.9a (3.1.9a)
\pgfnodepartlowerbox=\box67
\pgfnodeparttwobox=\box68
\pgfnodepartthreebox=\box69
\pgfnodepartfourbox=\box70
\pgfnodeparttwentybox=\box71
\pgfnodepartnineteenbox=\box72
\pgfnodeparteighteenbox=\box73
\pgfnodepartseventeenbox=\box74
\pgfnodepartsixteenbox=\box75
\pgfnodepartfifteenbox=\box76
\pgfnodepartfourteenbox=\box77
\pgfnodepartthirteenbox=\box78
\pgfnodeparttwelvebox=\box79
\pgfnodepartelevenbox=\box80
\pgfnodeparttenbox=\box81
\pgfnodepartninebox=\box82
\pgfnodeparteightbox=\box83
\pgfnodepartsevenbox=\box84
\pgfnodepartsixbox=\box85
\pgfnodepartfivebox=\box86
)))
(C:\Users\Marjan\AppData\Local\Programs\MiKTeX\tex/generic/pgf/frontendlayer/ti
kz/libraries\tikzlibraryfit.code.tex
File: tikzlibraryfit.code.tex 2021/05/15 v3.1.9a (3.1.9a)
)
(C:\Users\Marjan\AppData\Local\Programs\MiKTeX\tex/generic/pgf/frontendlayer/ti
kz/libraries\tikzlibrarybackgrounds.code.tex
File: tikzlibrarybackgrounds.code.tex 2021/05/15 v3.1.9a (3.1.9a)
\pgf@layerbox@background=\box87
\pgf@layerboxsaved@background=\box88
)
(C:\Users\Marjan\AppData\Local\Programs\MiKTeX\tex/generic/pgf/frontendlayer/ti
kz/libraries\tikzlibrarycalc.code.tex
File: tikzlibrarycalc.code.tex 2021/05/15 v3.1.9a (3.1.9a)
)
(C:\Users\Marjan\AppData\Local\Programs\MiKTeX\tex/latex/pgfplots\pgfplots.sty
(C:\Users\Marjan\AppData\Local\Programs\MiKTeX\tex/generic/pgfplots\pgfplots.re
vision.tex)
Package: pgfplots 2021/05/15 v1.18.1 Data Visualization (1.18.1)

(C:\Users\Marjan\AppData\Local\Programs\MiKTeX\tex/generic/pgfplots\pgfplots.co
de.tex
(C:\Users\Marjan\AppData\Local\Programs\MiKTeX\tex/generic/pgfplots\pgfplotscor
e.code.tex
\t@pgfplots@toka=\toks37
\t@pgfplots@tokb=\toks38
\t@pgfplots@tokc=\toks39
\pgfplots@tmpa=\dimen284
\c@pgfplots@coordindex=\count325
\c@pgfplots@scanlineindex=\count326

(C:\Users\Marjan\AppData\Local\Programs\MiKTeX\tex/generic/pgfplots/sys\pgfplot
ssysgeneric.code.tex))
(C:\Users\Marjan\AppData\Local\Programs\MiKTeX\tex/generic/pgfplots/libs\pgfplo
tslibrary.code.tex)
(C:\Users\Marjan\AppData\Local\Programs\MiKTeX\tex/generic/pgfplots/oldpgfcompa
tib\pgfplotsoldpgfsupp_loader.code.tex
(C:\Users\Marjan\AppData\Local\Programs\MiKTeX\tex/generic/pgf/libraries\pgflib
raryfpu.code.tex))
(C:\Users\Marjan\AppData\Local\Programs\MiKTeX\tex/generic/pgfplots/util\pgfplo
tsutil.code.tex
(C:\Users\Marjan\AppData\Local\Programs\MiKTeX\tex/generic/pgfplots/liststructu
re\pgfplotsliststructure.code.tex)
(C:\Users\Marjan\AppData\Local\Programs\MiKTeX\tex/generic/pgfplots/liststructu
re\pgfplotsliststructureext.code.tex)
(C:\Users\Marjan\AppData\Local\Programs\MiKTeX\tex/generic/pgfplots/liststructu
re\pgfplotsarray.code.tex
\c@pgfplotsarray@tmp=\count327
)
(C:\Users\Marjan\AppData\Local\Programs\MiKTeX\tex/generic/pgfplots/liststructu
re\pgfplotsmatrix.code.tex)
(C:\Users\Marjan\AppData\Local\Programs\MiKTeX\tex/generic/pgfplots/numtable\pg
fplotstableshared.code.tex
\c@pgfplotstable@counta=\count328
\t@pgfplotstable@a=\toks40
)
(C:\Users\Marjan\AppData\Local\Programs\MiKTeX\tex/generic/pgfplots/liststructu
re\pgfplotsdeque.code.tex)
(C:\Users\Marjan\AppData\Local\Programs\MiKTeX\tex/generic/pgfplots/util\pgfplo
tsbinary.code.tex
(C:\Users\Marjan\AppData\Local\Programs\MiKTeX\tex/generic/pgfplots/util\pgfplo
tsbinary.data.code.tex))
(C:\Users\Marjan\AppData\Local\Programs\MiKTeX\tex/generic/pgfplots/util\pgfplo
tsutil.verb.code.tex)
(C:\Users\Marjan\AppData\Local\Programs\MiKTeX\tex/generic/pgfplots/libs\pgflib
rarypgfplots.surfshading.code.tex
\c@pgfplotslibrarysurf@no=\count329

(C:\Users\Marjan\AppData\Local\Programs\MiKTeX\tex/generic/pgfplots/sys\pgflibr
arypgfplots.surfshading.pgfsys-pdftex.def)))
(C:\Users\Marjan\AppData\Local\Programs\MiKTeX\tex/generic/pgfplots/util\pgfplo
tscolormap.code.tex
(C:\Users\Marjan\AppData\Local\Programs\MiKTeX\tex/generic/pgfplots/util\pgfplo
tscolor.code.tex))
(C:\Users\Marjan\AppData\Local\Programs\MiKTeX\tex/generic/pgfplots\pgfplotssta
ckedplots.code.tex)
(C:\Users\Marjan\AppData\Local\Programs\MiKTeX\tex/generic/pgfplots\pgfplotsplo
thandlers.code.tex
(C:\Users\Marjan\AppData\Local\Programs\MiKTeX\tex/generic/pgfplots\pgfplotsmes
hplothandler.code.tex
(C:\Users\Marjan\AppData\Local\Programs\MiKTeX\tex/generic/pgfplots\pgfplotsmes
hplotimage.code.tex)))
(C:\Users\Marjan\AppData\Local\Programs\MiKTeX\tex/generic/pgfplots\pgfplots.sc
aling.code.tex)
(C:\Users\Marjan\AppData\Local\Programs\MiKTeX\tex/generic/pgfplots\pgfplotscoo
rdprocessing.code.tex)
(C:\Users\Marjan\AppData\Local\Programs\MiKTeX\tex/generic/pgfplots\pgfplots.er
rorbars.code.tex)
(C:\Users\Marjan\AppData\Local\Programs\MiKTeX\tex/generic/pgfplots\pgfplots.ma
rkers.code.tex)
(C:\Users\Marjan\AppData\Local\Programs\MiKTeX\tex/generic/pgfplots\pgfplotstic
ks.code.tex)
(C:\Users\Marjan\AppData\Local\Programs\MiKTeX\tex/generic/pgfplots\pgfplots.pa
ths.code.tex)
(C:\Users\Marjan\AppData\Local\Programs\MiKTeX\tex/generic/pgf/frontendlayer/ti
kz/libraries\tikzlibrarydecorations.code.tex
(C:\Users\Marjan\AppData\Local\Programs\MiKTeX\tex/generic/pgf/modules\pgfmodul
edecorations.code.tex
\pgfdecoratedcompleteddistance=\dimen285
\pgfdecoratedremainingdistance=\dimen286
\pgfdecoratedinputsegmentcompleteddistance=\dimen287
\pgfdecoratedinputsegmentremainingdistance=\dimen288
\pgf@decorate@distancetomove=\dimen289
\pgf@decorate@repeatstate=\count330
\pgfdecorationsegmentamplitude=\dimen290
\pgfdecorationsegmentlength=\dimen291
)
\tikz@lib@dec@box=\box89
)
(C:\Users\Marjan\AppData\Local\Programs\MiKTeX\tex/generic/pgf/frontendlayer/ti
kz/libraries\tikzlibrarydecorations.pathmorphing.code.tex
(C:\Users\Marjan\AppData\Local\Programs\MiKTeX\tex/generic/pgf/libraries/decora
tions\pgflibrarydecorations.pathmorphing.code.tex))
(C:\Users\Marjan\AppData\Local\Programs\MiKTeX\tex/generic/pgf/frontendlayer/ti
kz/libraries\tikzlibrarydecorations.pathreplacing.code.tex
(C:\Users\Marjan\AppData\Local\Programs\MiKTeX\tex/generic/pgf/libraries/decora
tions\pgflibrarydecorations.pathreplacing.code.tex))
(C:\Users\Marjan\AppData\Local\Programs\MiKTeX\tex/generic/pgfplots/libs\tikzli
brarypgfplots.contourlua.code.tex)
\pgfplots@numplots=\count331
\pgfplots@xmin@reg=\dimen292
\pgfplots@xmax@reg=\dimen293
\pgfplots@ymin@reg=\dimen294
\pgfplots@ymax@reg=\dimen295
\pgfplots@zmin@reg=\dimen296
\pgfplots@zmax@reg=\dimen297
)
(C:\Users\Marjan\AppData\Local\Programs\MiKTeX\tex/generic/pgf/frontendlayer/ti
kz/libraries\tikzlibraryplotmarks.code.tex
File: tikzlibraryplotmarks.code.tex 2021/05/15 v3.1.9a (3.1.9a)

(C:\Users\Marjan\AppData\Local\Programs\MiKTeX\tex/generic/pgf/libraries\pgflib
raryplotmarks.code.tex
File: pgflibraryplotmarks.code.tex 2021/05/15 v3.1.9a (3.1.9a)
)))
(C:\Users\Marjan\AppData\Local\Programs\MiKTeX\tex/latex/wasysym\wasysym.sty
Package: wasysym 2020/01/19 v2.4 Wasy-2 symbol support package
\symwasy=\mathgroup4
LaTeX Font Info:    Overwriting symbol font `wasy' in version `bold'
(Font)                  U/wasy/m/n --> U/wasy/b/n on input line 93.
)
(C:\Users\Marjan\AppData\Local\Programs\MiKTeX\tex/latex/float\float.sty
Package: float 2001/11/08 v1.3d Float enhancements (AL)
\c@float@type=\count332
\float@exts=\toks41
\float@box=\box90
\@float@everytoks=\toks42
\@floatcapt=\box91
)
(C:\Users\Marjan\AppData\Local\Programs\MiKTeX\tex/latex/cbcoptic\coptic.sty
Package: coptic 2010/01/09 v.0.2 Claudio Beccari

(C:\Users\Marjan\AppData\Local\Programs\MiKTeX\tex/latex/cbcoptic\lcopcoptic.fd
File: lcopcoptic.fd 2004/08/03 local Coptic font definitions
Now handling font encoding LCOP ...
... no UTF-8 mapping file for font encoding LCOP
) (C:\Users\Marjan\AppData\Local\Programs\MiKTeX\tex/latex/base\textcomp.sty
Package: textcomp 2020/02/02 v2.0n Standard LaTeX package
)

C:\Users\Marjan\AppData\Local\Programs\MiKTeX\tex/latex/cbcoptic\coptic.sty:114
: LaTeX Error: Command \Bar already defined.
               Or name \end... illegal, see p.192 of the manual.

See the LaTeX manual or LaTeX Companion for explanation.
Type  H <return>  for immediate help.
 ...                                              
                                                  
l.114       }
             
Your command was ignored.
Type  I <command> <return>  to replace it with another command,
or  <return>  to continue without it.

)
(C:\Users\Marjan\AppData\Local\Programs\MiKTeX\tex/latex/moderncv\tweaklist.sty

C:\Users\Marjan\AppData\Local\Programs\MiKTeX\tex/latex/moderncv\tweaklist.sty:
56: LaTeX Error: Command \description already defined.
               Or name \end... illegal, see p.192 of the manual.

See the LaTeX manual or LaTeX Companion for explanation.
Type  H <return>  for immediate help.
 ...                                              
                                                  
l.56   {\endlist}
                 
Your command was ignored.
Type  I <command> <return>  to replace it with another command,
or  <return>  to continue without it.

)
(C:\Users\Marjan\AppData\Local\Programs\MiKTeX\tex/latex/pgf/utilities\tikzexte
rnal.sty
\r@pgf@reada=\read3
)
LaTeX Font Info:    Trying to load font information for OT1+phv on input line 6
8.

(C:\Users\Marjan\AppData\Local\Programs\MiKTeX\tex/latex/psnfss\ot1phv.fd
File: ot1phv.fd 2020/03/25 scalable font definitions for OT1/phv.
)
(C:/Users\Marjan\Documents\JavaProjects\aws-sol-arch-pro-notes\auxil\main.aux
(C:/Users\Marjan\Documents\JavaProjects\aws-sol-arch-pro-notes\out\chapters/ind
entity_and_federation.aux)
(C:/Users\Marjan\Documents\JavaProjects\aws-sol-arch-pro-notes\auxil\chapters/s
ecurity.aux)
(C:/Users\Marjan\Documents\JavaProjects\aws-sol-arch-pro-notes\auxil\chapters/c
ompute_and_load_balancing.aux)
(C:/Users\Marjan\Documents\JavaProjects\aws-sol-arch-pro-notes\auxil\chapters/s
torage.aux)
(C:/Users\Marjan\Documents\JavaProjects\aws-sol-arch-pro-notes\auxil\chapters/c
aching.aux)
(C:/Users\Marjan\Documents\JavaProjects\aws-sol-arch-pro-notes\auxil\chapters/d
atabases.aux)
(C:/Users\Marjan\Documents\JavaProjects\aws-sol-arch-pro-notes\auxil\chapters/s
ervice_communication.aux)
(C:/Users\Marjan\Documents\JavaProjects\aws-sol-arch-pro-notes\auxil\chapters/d
ata_engineering.aux)
(C:/Users\Marjan\Documents\JavaProjects\aws-sol-arch-pro-notes\auxil\chapters/m
onitoring.aux)
(C:/Users\Marjan\Documents\JavaProjects\aws-sol-arch-pro-notes\auxil\chapters/d
eployment_and_instance_management.aux)
(C:/Users\Marjan\Documents\JavaProjects\aws-sol-arch-pro-notes\auxil\chapters/c
ost_control.aux)
(C:/Users\Marjan\Documents\JavaProjects\aws-sol-arch-pro-notes\auxil\chapters/m
igration.aux)
(C:/Users\Marjan\Documents\JavaProjects\aws-sol-arch-pro-notes\auxil\chapters/v
pc.aux)
(C:/Users\Marjan\Documents\JavaProjects\aws-sol-arch-pro-notes\auxil\chapters/m
achine_learning.aux)
(C:/Users\Marjan\Documents\JavaProjects\aws-sol-arch-pro-notes\auxil\chapters/o
ther_services.aux))
\openout1 = `main.aux'.

LaTeX Font Info:    Checking defaults for OML/cmm/m/it on input line 68.
LaTeX Font Info:    ... okay on input line 68.
LaTeX Font Info:    Checking defaults for OMS/cmsy/m/n on input line 68.
LaTeX Font Info:    ... okay on input line 68.
LaTeX Font Info:    Checking defaults for OT1/cmr/m/n on input line 68.
LaTeX Font Info:    ... okay on input line 68.
LaTeX Font Info:    Checking defaults for T1/cmr/m/n on input line 68.
LaTeX Font Info:    ... okay on input line 68.
LaTeX Font Info:    Checking defaults for TS1/cmr/m/n on input line 68.
LaTeX Font Info:    ... okay on input line 68.
LaTeX Font Info:    Checking defaults for OMX/cmex/m/n on input line 68.
LaTeX Font Info:    ... okay on input line 68.
LaTeX Font Info:    Checking defaults for U/cmr/m/n on input line 68.
LaTeX Font Info:    ... okay on input line 68.
LaTeX Font Info:    Checking defaults for PD1/pdf/m/n on input line 68.
LaTeX Font Info:    ... okay on input line 68.
LaTeX Font Info:    Checking defaults for PU/pdf/m/n on input line 68.
LaTeX Font Info:    ... okay on input line 68.
LaTeX Font Info:    Checking defaults for LCOP/coptic/m/n on input line 68.
LaTeX Font Info:    ... okay on input line 68.

(C:\Users\Marjan\AppData\Local\Programs\MiKTeX\tex/context/base/mkii\supp-pdf.m
kii
[Loading MPS to PDF converter (version 2006.09.02).]
\scratchcounter=\count333
\scratchdimen=\dimen298
\scratchbox=\box92
\nofMPsegments=\count334
\nofMParguments=\count335
\everyMPshowfont=\toks43
\MPscratchCnt=\count336
\MPscratchDim=\dimen299
\MPnumerator=\count337
\makeMPintoPDFobject=\count338
\everyMPtoPDFconversion=\toks44
)
(C:\Users\Marjan\AppData\Local\Programs\MiKTeX\tex/latex/epstopdf-pkg\epstopdf-
base.sty
Package: epstopdf-base 2020-01-24 v2.11 Base part for package epstopdf
Package epstopdf-base Info: Redefining graphics rule for `.eps' on input line 4
85.

(C:\Users\Marjan\AppData\Local\Programs\MiKTeX\tex/latex/00miktex\epstopdf-sys.
cfg
File: epstopdf-sys.cfg 2021/03/18 v2.0 Configuration of epstopdf for MiKTeX
))
*geometry* driver: auto-detecting
*geometry* detected driver: pdftex
*geometry* verbose mode - [ preamble ] result:
* driver: pdftex
* paper: <default>
* layout: <same size as paper>
* layoutoffset:(h,v)=(0.0pt,0.0pt)
* modes: twoside 
* h-part:(L,W,R)=(72.26999pt, 469.75502pt, 72.26999pt)
* v-part:(T,H,B)=(72.26999pt, 650.43001pt, 72.26999pt)
* \paperwidth=614.295pt
* \paperheight=794.96999pt
* \textwidth=469.75502pt
* \textheight=650.43001pt
* \oddsidemargin=0.0pt
* \evensidemargin=0.0pt
* \topmargin=-31.8738pt
* \headheight=12.0pt
* \headsep=19.8738pt
* \topskip=11.0pt
* \footskip=27.46295pt
* \marginparwidth=116.0pt
* \marginparsep=7.0pt
* \columnsep=10.0pt
* \skip\footins=10.0pt plus 4.0pt minus 2.0pt
* \hoffset=0.0pt
* \voffset=0.0pt
* \mag=1000
* \@twocolumnfalse
* \@twosidetrue
* \@mparswitchtrue
* \@reversemarginfalse
* (1in=72.27pt=25.4mm, 1cm=28.453pt)

Package hyperref Info: Link coloring OFF on input line 68.
(C:\Users\Marjan\AppData\Local\Programs\MiKTeX\tex/latex/hyperref\nameref.sty
Package: nameref 2021-04-02 v2.47 Cross-referencing by name of section

(C:\Users\Marjan\AppData\Local\Programs\MiKTeX\tex/latex/refcount\refcount.sty
Package: refcount 2019/12/15 v3.6 Data extraction from label references (HO)
)
(C:\Users\Marjan\AppData\Local\Programs\MiKTeX\tex/generic/gettitlestring\getti
tlestring.sty
Package: gettitlestring 2019/12/15 v1.6 Cleanup title references (HO)
)
\c@section@level=\count339
)
LaTeX Info: Redefining \ref on input line 68.
LaTeX Info: Redefining \pageref on input line 68.
LaTeX Info: Redefining \nameref on input line 68.

(C:/Users\Marjan\Documents\JavaProjects\aws-sol-arch-pro-notes\auxil\main.out)
(C:/Users\Marjan\Documents\JavaProjects\aws-sol-arch-pro-notes\auxil\main.out)
\@outlinefile=\write4
\openout4 = `main.out'.

\c@lstlisting=\count340


Package pgfplots Warning: running in backwards compatibility mode (unsuitable t
ick labels; missing features). Consider writing \pgfplotsset{compat=1.18} into 
your preamble.
 on input line 68.

[1


{C:/Users/Marjan/AppData/Local/MiKTeX/pdftex/config/pdftex.map}]

Package fancyhdr Warning: \headheight is too small (12.0pt): 
(fancyhdr)                Make it at least 13.59999pt, for example:
(fancyhdr)                \setlength{\headheight}{13.59999pt}.
(fancyhdr)                You might also make \topmargin smaller to compensate:

(fancyhdr)                \addtolength{\topmargin}{-1.59999pt}.

[2

]
(C:/Users\Marjan\Documents\JavaProjects\aws-sol-arch-pro-notes\auxil\main.toc
LaTeX Font Info:    Trying to load font information for U+wasy on input line 5.


(C:\Users\Marjan\AppData\Local\Programs\MiKTeX\tex/latex/wasysym\uwasy.fd
File: uwasy.fd 2020/01/19 v2.4 Wasy-2 symbol font definitions
)
[3]

Package fancyhdr Warning: \headheight is too small (12.0pt): 
(fancyhdr)                Make it at least 13.59999pt, for example:
(fancyhdr)                \setlength{\headheight}{13.59999pt}.
(fancyhdr)                You might also make \topmargin smaller to compensate:

(fancyhdr)                \addtolength{\topmargin}{-1.59999pt}.

[4]

Package fancyhdr Warning: \headheight is too small (12.0pt): 
(fancyhdr)                Make it at least 13.59999pt, for example:
(fancyhdr)                \setlength{\headheight}{13.59999pt}.
(fancyhdr)                You might also make \topmargin smaller to compensate:

(fancyhdr)                \addtolength{\topmargin}{-1.59999pt}.

[5]

Package fancyhdr Warning: \headheight is too small (12.0pt): 
(fancyhdr)                Make it at least 13.59999pt, for example:
(fancyhdr)                \setlength{\headheight}{13.59999pt}.
(fancyhdr)                You might also make \topmargin smaller to compensate:

(fancyhdr)                \addtolength{\topmargin}{-1.59999pt}.

[6]

Package fancyhdr Warning: \headheight is too small (12.0pt): 
(fancyhdr)                Make it at least 13.59999pt, for example:
(fancyhdr)                \setlength{\headheight}{13.59999pt}.
(fancyhdr)                You might also make \topmargin smaller to compensate:

(fancyhdr)                \addtolength{\topmargin}{-1.59999pt}.

[7]
Overfull \hbox (1.29184pt too wide) detected at line 310
 []\OT1/phv/m/n/10.95 100
 []


Overfull \hbox (1.29184pt too wide) detected at line 311
 []\OT1/phv/m/n/10.95 100
 []


Overfull \hbox (1.29184pt too wide) detected at line 312
 []\OT1/phv/m/n/10.95 100
 []


Overfull \hbox (1.29184pt too wide) detected at line 313
 []\OT1/phv/m/n/10.95 100
 []


Overfull \hbox (1.29184pt too wide) detected at line 314
 []\OT1/phv/m/n/10.95 101
 []


Overfull \hbox (1.29184pt too wide) detected at line 315
 []\OT1/phv/m/n/10.95 101
 []


Overfull \hbox (1.29184pt too wide) detected at line 316
 []\OT1/phv/m/n/10.95 101
 []


Overfull \hbox (1.29184pt too wide) detected at line 317
 []\OT1/phv/m/n/10.95 101
 []


Overfull \hbox (1.29184pt too wide) detected at line 318
 []\OT1/phv/m/n/10.95 101
 []


Overfull \hbox (1.29184pt too wide) detected at line 320
 []\OT1/phv/m/n/10.95 104
 []


Overfull \hbox (1.29184pt too wide) detected at line 321
 []\OT1/phv/m/n/10.95 104
 []


Overfull \hbox (1.29184pt too wide) detected at line 322
 []\OT1/phv/m/n/10.95 104
 []


Overfull \hbox (1.29184pt too wide) detected at line 323
 []\OT1/phv/m/n/10.95 104
 []


Overfull \hbox (1.29184pt too wide) detected at line 324
 []\OT1/phv/m/n/10.95 105
 []


Package fancyhdr Warning: \headheight is too small (12.0pt): 
(fancyhdr)                Make it at least 13.59999pt, for example:
(fancyhdr)                \setlength{\headheight}{13.59999pt}.
(fancyhdr)                You might also make \topmargin smaller to compensate:

(fancyhdr)                \addtolength{\topmargin}{-1.59999pt}.

[8]
Overfull \hbox (1.29184pt too wide) detected at line 325
 []\OT1/phv/m/n/10.95 105
 []


Overfull \hbox (1.29184pt too wide) detected at line 326
 []\OT1/phv/m/n/10.95 105
 []


Overfull \hbox (1.29184pt too wide) detected at line 327
 []\OT1/phv/m/n/10.95 105
 []


Overfull \hbox (1.29184pt too wide) detected at line 328
 []\OT1/phv/m/n/10.95 106
 []


Overfull \hbox (1.29184pt too wide) detected at line 329
 []\OT1/phv/m/n/10.95 106
 []


Overfull \hbox (1.29184pt too wide) detected at line 330
 []\OT1/phv/m/n/10.95 106
 []


Overfull \hbox (1.29184pt too wide) detected at line 331
 []\OT1/phv/m/n/10.95 106
 []


Overfull \hbox (1.29184pt too wide) detected at line 332
 []\OT1/phv/m/n/10.95 106
 []


Overfull \hbox (1.29184pt too wide) detected at line 333
 []\OT1/phv/m/n/10.95 107
 []


Overfull \hbox (1.29184pt too wide) detected at line 334
 []\OT1/phv/m/n/10.95 107
 []


Overfull \hbox (1.29184pt too wide) detected at line 335
 []\OT1/phv/m/n/10.95 107
 []


Overfull \hbox (1.29184pt too wide) detected at line 336
 []\OT1/phv/m/n/10.95 107
 []


Overfull \hbox (1.29184pt too wide) detected at line 337
 []\OT1/phv/m/n/10.95 107
 []


Overfull \hbox (1.29184pt too wide) detected at line 338
 []\OT1/phv/m/n/10.95 108
 []


Overfull \hbox (1.29184pt too wide) detected at line 339
 []\OT1/phv/m/n/10.95 108
 []


Overfull \hbox (1.29184pt too wide) detected at line 340
 []\OT1/phv/m/n/10.95 108
 []


Overfull \hbox (1.29184pt too wide) detected at line 341
 []\OT1/phv/m/n/10.95 108
 []


Overfull \hbox (1.29184pt too wide) detected at line 342
 []\OT1/phv/m/n/10.95 108
 []


Overfull \hbox (1.29184pt too wide) detected at line 343
 []\OT1/phv/m/n/10.95 109
 []


Overfull \hbox (1.29184pt too wide) detected at line 344
 []\OT1/phv/m/n/10.95 109
 []


Overfull \hbox (1.29184pt too wide) detected at line 345
 []\OT1/phv/m/n/10.95 109
 []


Overfull \hbox (1.29184pt too wide) detected at line 346
 []\OT1/phv/m/n/10.95 109
 []


Overfull \hbox (1.29184pt too wide) detected at line 347
 []\OT1/phv/m/n/10.95 109
 []


Overfull \hbox (1.29184pt too wide) detected at line 348
 []\OT1/phv/m/n/10.95 109
 []


Overfull \hbox (1.29184pt too wide) detected at line 349
 []\OT1/phv/m/n/10.95 109
 []


Overfull \hbox (1.29184pt too wide) detected at line 350
 []\OT1/phv/m/n/10.95 110
 []


Overfull \hbox (1.29184pt too wide) detected at line 351
 []\OT1/phv/m/n/10.95 110
 []


Overfull \hbox (1.29184pt too wide) detected at line 354
 []\OT1/phv/m/n/10.95 110
 []


Overfull \hbox (1.29184pt too wide) detected at line 355
 []\OT1/phv/m/n/10.95 110
 []


Overfull \hbox (1.29184pt too wide) detected at line 357
 []\OT1/phv/m/n/10.95 112
 []


Overfull \hbox (1.29184pt too wide) detected at line 360
 []\OT1/phv/m/n/10.95 113
 []


Overfull \hbox (1.29184pt too wide) detected at line 361
 []\OT1/phv/m/n/10.95 113
 []


Overfull \hbox (1.29184pt too wide) detected at line 362
 []\OT1/phv/m/n/10.95 113
 []


Overfull \hbox (1.29184pt too wide) detected at line 363
 []\OT1/phv/m/n/10.95 113
 []


Overfull \hbox (1.29184pt too wide) detected at line 364
 []\OT1/phv/m/n/10.95 113
 []


Overfull \hbox (1.29184pt too wide) detected at line 365
 []\OT1/phv/m/n/10.95 114
 []


Overfull \hbox (1.29184pt too wide) detected at line 366
 []\OT1/phv/m/n/10.95 114
 []


Overfull \hbox (1.29184pt too wide) detected at line 367
 []\OT1/phv/m/n/10.95 114
 []


Overfull \hbox (1.29184pt too wide) detected at line 368
 []\OT1/phv/m/n/10.95 114
 []


Overfull \hbox (1.29184pt too wide) detected at line 369
 []\OT1/phv/m/n/10.95 115
 []


Overfull \hbox (1.29184pt too wide) detected at line 370
 []\OT1/phv/m/n/10.95 115
 []


Overfull \hbox (1.29184pt too wide) detected at line 371
 []\OT1/phv/m/n/10.95 115
 []


Overfull \hbox (1.29184pt too wide) detected at line 372
 []\OT1/phv/m/n/10.95 115
 []


Overfull \hbox (1.29184pt too wide) detected at line 373
 []\OT1/phv/m/n/10.95 115
 []


Overfull \hbox (1.29184pt too wide) detected at line 374
 []\OT1/phv/m/n/10.95 116
 []


Overfull \hbox (1.29184pt too wide) detected at line 375
 []\OT1/phv/m/n/10.95 116
 []


Package fancyhdr Warning: \headheight is too small (12.0pt): 
(fancyhdr)                Make it at least 13.59999pt, for example:
(fancyhdr)                \setlength{\headheight}{13.59999pt}.
(fancyhdr)                You might also make \topmargin smaller to compensate:

(fancyhdr)                \addtolength{\topmargin}{-1.59999pt}.

[9]
Overfull \hbox (1.29184pt too wide) detected at line 376
 []\OT1/phv/m/n/10.95 116
 []


Overfull \hbox (1.29184pt too wide) detected at line 377
 []\OT1/phv/m/n/10.95 116
 []


Overfull \hbox (1.29184pt too wide) detected at line 378
 []\OT1/phv/m/n/10.95 117
 []


Overfull \hbox (1.29184pt too wide) detected at line 379
 []\OT1/phv/m/n/10.95 117
 []


Overfull \hbox (1.29184pt too wide) detected at line 380
 []\OT1/phv/m/n/10.95 117
 []


Overfull \hbox (1.29184pt too wide) detected at line 381
 []\OT1/phv/m/n/10.95 117
 []


Overfull \hbox (1.29184pt too wide) detected at line 382
 []\OT1/phv/m/n/10.95 118
 []


Overfull \hbox (1.29184pt too wide) detected at line 383
 []\OT1/phv/m/n/10.95 118
 []


Overfull \hbox (1.29184pt too wide) detected at line 384
 []\OT1/phv/m/n/10.95 118
 []


Overfull \hbox (1.29184pt too wide) detected at line 385
 []\OT1/phv/m/n/10.95 118
 []


Overfull \hbox (1.29184pt too wide) detected at line 386
 []\OT1/phv/m/n/10.95 118
 []


Overfull \hbox (1.29184pt too wide) detected at line 387
 []\OT1/phv/m/n/10.95 118
 []


Overfull \hbox (2.21146pt too wide) detected at line 388
\OT1/phv/m/n/10.95 10.10 
 []


Overfull \hbox (1.29184pt too wide) detected at line 388
 []\OT1/phv/m/n/10.95 119
 []


Overfull \hbox (1.48863pt too wide) detected at line 389
\OT1/phv/m/n/10.95 10.10.1 
 []


Overfull \hbox (1.29184pt too wide) detected at line 389
 []\OT1/phv/m/n/10.95 119
 []


Overfull \hbox (1.48863pt too wide) detected at line 390
\OT1/phv/m/n/10.95 10.10.2 
 []


Overfull \hbox (1.29184pt too wide) detected at line 390
 []\OT1/phv/m/n/10.95 119
 []


Overfull \hbox (1.48863pt too wide) detected at line 391
\OT1/phv/m/n/10.95 10.10.3 
 []


Overfull \hbox (1.29184pt too wide) detected at line 391
 []\OT1/phv/m/n/10.95 120
 []


Overfull \hbox (1.48863pt too wide) detected at line 392
\OT1/phv/m/n/10.95 10.10.4 
 []


Overfull \hbox (1.29184pt too wide) detected at line 392
 []\OT1/phv/m/n/10.95 120
 []


Overfull \hbox (1.48863pt too wide) detected at line 393
\OT1/phv/m/n/10.95 10.10.5 
 []


Overfull \hbox (1.29184pt too wide) detected at line 393
 []\OT1/phv/m/n/10.95 120
 []


Overfull \hbox (2.21146pt too wide) detected at line 394
\OT1/phv/m/n/10.95 10.11 
 []


Overfull \hbox (1.29184pt too wide) detected at line 394
 []\OT1/phv/m/n/10.95 120
 []


Overfull \hbox (1.48863pt too wide) detected at line 395
\OT1/phv/m/n/10.95 10.11.1 
 []


Overfull \hbox (1.29184pt too wide) detected at line 395
 []\OT1/phv/m/n/10.95 121
 []


Overfull \hbox (2.21146pt too wide) detected at line 396
\OT1/phv/m/n/10.95 10.12 
 []


Overfull \hbox (1.29184pt too wide) detected at line 396
 []\OT1/phv/m/n/10.95 121
 []


Overfull \hbox (2.21146pt too wide) detected at line 397
\OT1/phv/m/n/10.95 10.13 
 []


Overfull \hbox (1.29184pt too wide) detected at line 397
 []\OT1/phv/m/n/10.95 121
 []


Overfull \hbox (1.48863pt too wide) detected at line 398
\OT1/phv/m/n/10.95 10.13.1 
 []


Overfull \hbox (1.29184pt too wide) detected at line 398
 []\OT1/phv/m/n/10.95 122
 []


Overfull \hbox (1.48863pt too wide) detected at line 399
\OT1/phv/m/n/10.95 10.13.2 
 []


Overfull \hbox (1.29184pt too wide) detected at line 399
 []\OT1/phv/m/n/10.95 122
 []


Overfull \hbox (2.21146pt too wide) detected at line 400
\OT1/phv/m/n/10.95 10.14 
 []


Overfull \hbox (1.29184pt too wide) detected at line 400
 []\OT1/phv/m/n/10.95 122
 []


Overfull \hbox (1.48863pt too wide) detected at line 401
\OT1/phv/m/n/10.95 10.14.1 
 []


Overfull \hbox (1.29184pt too wide) detected at line 401
 []\OT1/phv/m/n/10.95 123
 []


Overfull \hbox (1.48863pt too wide) detected at line 402
\OT1/phv/m/n/10.95 10.14.2 
 []


Overfull \hbox (1.29184pt too wide) detected at line 402
 []\OT1/phv/m/n/10.95 123
 []


Overfull \hbox (2.21146pt too wide) detected at line 403
\OT1/phv/m/n/10.95 10.15 
 []


Overfull \hbox (1.29184pt too wide) detected at line 403
 []\OT1/phv/m/n/10.95 123
 []


Overfull \hbox (1.48863pt too wide) detected at line 404
\OT1/phv/m/n/10.95 10.15.1 
 []


Overfull \hbox (1.29184pt too wide) detected at line 404
 []\OT1/phv/m/n/10.95 123
 []


Overfull \hbox (1.48863pt too wide) detected at line 405
\OT1/phv/m/n/10.95 10.15.2 
 []


Overfull \hbox (1.29184pt too wide) detected at line 405
 []\OT1/phv/m/n/10.95 123
 []


Overfull \hbox (1.48863pt too wide) detected at line 406
\OT1/phv/m/n/10.95 10.15.3 
 []


Overfull \hbox (1.29184pt too wide) detected at line 406
 []\OT1/phv/m/n/10.95 124
 []


Overfull \hbox (1.29184pt too wide) detected at line 408
 []\OT1/phv/m/n/10.95 126
 []


Overfull \hbox (1.29184pt too wide) detected at line 409
 []\OT1/phv/m/n/10.95 126
 []


Overfull \hbox (1.29184pt too wide) detected at line 410
 []\OT1/phv/m/n/10.95 126
 []


Overfull \hbox (1.29184pt too wide) detected at line 411
 []\OT1/phv/m/n/10.95 126
 []


Overfull \hbox (1.29184pt too wide) detected at line 412
 []\OT1/phv/m/n/10.95 126
 []


Overfull \hbox (1.29184pt too wide) detected at line 413
 []\OT1/phv/m/n/10.95 126
 []


Overfull \hbox (1.29184pt too wide) detected at line 414
 []\OT1/phv/m/n/10.95 126
 []


Overfull \hbox (1.29184pt too wide) detected at line 415
 []\OT1/phv/m/n/10.95 127
 []


Overfull \hbox (1.29184pt too wide) detected at line 416
 []\OT1/phv/m/n/10.95 127
 []


Overfull \hbox (1.29184pt too wide) detected at line 417
 []\OT1/phv/m/n/10.95 127
 []


Overfull \hbox (1.29184pt too wide) detected at line 418
 []\OT1/phv/m/n/10.95 128
 []


Overfull \hbox (1.29184pt too wide) detected at line 419
 []\OT1/phv/m/n/10.95 128
 []


Overfull \hbox (1.29184pt too wide) detected at line 420
 []\OT1/phv/m/n/10.95 128
 []


Overfull \hbox (1.29184pt too wide) detected at line 421
 []\OT1/phv/m/n/10.95 128
 []


Overfull \hbox (1.29184pt too wide) detected at line 422
 []\OT1/phv/m/n/10.95 128
 []


Package fancyhdr Warning: \headheight is too small (12.0pt): 
(fancyhdr)                Make it at least 13.59999pt, for example:
(fancyhdr)                \setlength{\headheight}{13.59999pt}.
(fancyhdr)                You might also make \topmargin smaller to compensate:

(fancyhdr)                \addtolength{\topmargin}{-1.59999pt}.

[10]
Overfull \hbox (1.29184pt too wide) detected at line 423
 []\OT1/phv/m/n/10.95 128
 []


Overfull \hbox (1.29184pt too wide) detected at line 424
 []\OT1/phv/m/n/10.95 128
 []


Overfull \hbox (1.29184pt too wide) detected at line 425
 []\OT1/phv/m/n/10.95 128
 []


Overfull \hbox (1.29184pt too wide) detected at line 426
 []\OT1/phv/m/n/10.95 128
 []


Overfull \hbox (1.29184pt too wide) detected at line 427
 []\OT1/phv/m/n/10.95 129
 []


Overfull \hbox (1.29184pt too wide) detected at line 428
 []\OT1/phv/m/n/10.95 129
 []


Overfull \hbox (1.29184pt too wide) detected at line 429
 []\OT1/phv/m/n/10.95 129
 []


Overfull \hbox (1.29184pt too wide) detected at line 430
 []\OT1/phv/m/n/10.95 129
 []


Overfull \hbox (1.29184pt too wide) detected at line 431
 []\OT1/phv/m/n/10.95 129
 []


Overfull \hbox (1.29184pt too wide) detected at line 432
 []\OT1/phv/m/n/10.95 129
 []


Overfull \hbox (1.29184pt too wide) detected at line 433
 []\OT1/phv/m/n/10.95 130
 []


Overfull \hbox (1.29184pt too wide) detected at line 435
 []\OT1/phv/m/n/10.95 132
 []


Overfull \hbox (1.29184pt too wide) detected at line 436
 []\OT1/phv/m/n/10.95 132
 []


Overfull \hbox (1.29184pt too wide) detected at line 437
 []\OT1/phv/m/n/10.95 132
 []


Overfull \hbox (1.29184pt too wide) detected at line 438
 []\OT1/phv/m/n/10.95 133
 []


Overfull \hbox (1.29184pt too wide) detected at line 439
 []\OT1/phv/m/n/10.95 133
 []


Overfull \hbox (1.29184pt too wide) detected at line 440
 []\OT1/phv/m/n/10.95 133
 []


Overfull \hbox (1.29184pt too wide) detected at line 441
 []\OT1/phv/m/n/10.95 133
 []


Overfull \hbox (1.29184pt too wide) detected at line 442
 []\OT1/phv/m/n/10.95 133
 []


Overfull \hbox (1.29184pt too wide) detected at line 443
 []\OT1/phv/m/n/10.95 133
 []


Overfull \hbox (1.29184pt too wide) detected at line 444
 []\OT1/phv/m/n/10.95 134
 []


Overfull \hbox (1.29184pt too wide) detected at line 445
 []\OT1/phv/m/n/10.95 134
 []


Overfull \hbox (1.29184pt too wide) detected at line 446
 []\OT1/phv/m/n/10.95 134
 []


Overfull \hbox (1.29184pt too wide) detected at line 447
 []\OT1/phv/m/n/10.95 134
 []


Overfull \hbox (1.29184pt too wide) detected at line 448
 []\OT1/phv/m/n/10.95 135
 []


Overfull \hbox (1.29184pt too wide) detected at line 449
 []\OT1/phv/m/n/10.95 135
 []


Overfull \hbox (1.29184pt too wide) detected at line 450
 []\OT1/phv/m/n/10.95 135
 []


Overfull \hbox (1.29184pt too wide) detected at line 451
 []\OT1/phv/m/n/10.95 135
 []


Overfull \hbox (1.29184pt too wide) detected at line 452
 []\OT1/phv/m/n/10.95 136
 []


Overfull \hbox (1.29184pt too wide) detected at line 453
 []\OT1/phv/m/n/10.95 136
 []


Overfull \hbox (1.29184pt too wide) detected at line 454
 []\OT1/phv/m/n/10.95 136
 []


Overfull \hbox (1.29184pt too wide) detected at line 455
 []\OT1/phv/m/n/10.95 136
 []


Overfull \hbox (1.29184pt too wide) detected at line 456
 []\OT1/phv/m/n/10.95 136
 []


Overfull \hbox (1.29184pt too wide) detected at line 457
 []\OT1/phv/m/n/10.95 136
 []


Overfull \hbox (1.29184pt too wide) detected at line 458
 []\OT1/phv/m/n/10.95 137
 []


Overfull \hbox (1.29184pt too wide) detected at line 459
 []\OT1/phv/m/n/10.95 137
 []


Overfull \hbox (1.29184pt too wide) detected at line 460
 []\OT1/phv/m/n/10.95 137
 []


Overfull \hbox (1.29184pt too wide) detected at line 461
 []\OT1/phv/m/n/10.95 137
 []


Overfull \hbox (1.29184pt too wide) detected at line 462
 []\OT1/phv/m/n/10.95 137
 []


Overfull \hbox (1.29184pt too wide) detected at line 463
 []\OT1/phv/m/n/10.95 137
 []


Overfull \hbox (1.29184pt too wide) detected at line 464
 []\OT1/phv/m/n/10.95 138
 []


Overfull \hbox (1.29184pt too wide) detected at line 465
 []\OT1/phv/m/n/10.95 138
 []


Overfull \hbox (1.29184pt too wide) detected at line 466
 []\OT1/phv/m/n/10.95 138
 []


Overfull \hbox (1.29184pt too wide) detected at line 467
 []\OT1/phv/m/n/10.95 138
 []


Overfull \hbox (1.29184pt too wide) detected at line 468
 []\OT1/phv/m/n/10.95 139
 []


Package fancyhdr Warning: \headheight is too small (12.0pt): 
(fancyhdr)                Make it at least 13.59999pt, for example:
(fancyhdr)                \setlength{\headheight}{13.59999pt}.
(fancyhdr)                You might also make \topmargin smaller to compensate:

(fancyhdr)                \addtolength{\topmargin}{-1.59999pt}.

[11]
Overfull \hbox (1.29184pt too wide) detected at line 469
 []\OT1/phv/m/n/10.95 139
 []


Overfull \hbox (1.29184pt too wide) detected at line 470
 []\OT1/phv/m/n/10.95 139
 []


Overfull \hbox (1.29184pt too wide) detected at line 471
 []\OT1/phv/m/n/10.95 139
 []


Overfull \hbox (1.29184pt too wide) detected at line 473
 []\OT1/phv/m/n/10.95 142
 []


Overfull \hbox (1.29184pt too wide) detected at line 474
 []\OT1/phv/m/n/10.95 142
 []


Overfull \hbox (1.29184pt too wide) detected at line 475
 []\OT1/phv/m/n/10.95 142
 []


Overfull \hbox (1.29184pt too wide) detected at line 477
 []\OT1/phv/m/n/10.95 143
 []


Overfull \hbox (1.29184pt too wide) detected at line 478
 []\OT1/phv/m/n/10.95 143
 []


Overfull \hbox (1.29184pt too wide) detected at line 479
 []\OT1/phv/m/n/10.95 144
 []


Overfull \hbox (1.29184pt too wide) detected at line 480
 []\OT1/phv/m/n/10.95 144
 []


Overfull \hbox (1.29184pt too wide) detected at line 481
 []\OT1/phv/m/n/10.95 144
 []


Overfull \hbox (1.29184pt too wide) detected at line 482
 []\OT1/phv/m/n/10.95 145
 []


Overfull \hbox (1.29184pt too wide) detected at line 483
 []\OT1/phv/m/n/10.95 145
 []


Overfull \hbox (1.29184pt too wide) detected at line 484
 []\OT1/phv/m/n/10.95 145
 []


Overfull \hbox (1.29184pt too wide) detected at line 485
 []\OT1/phv/m/n/10.95 145
 []


Overfull \hbox (1.29184pt too wide) detected at line 486
 []\OT1/phv/m/n/10.95 146
 []


Overfull \hbox (1.29184pt too wide) detected at line 489
 []\OT1/phv/m/n/10.95 147
 []


Overfull \hbox (1.29184pt too wide) detected at line 490
 []\OT1/phv/m/n/10.95 147
 []


Overfull \hbox (1.29184pt too wide) detected at line 491
 []\OT1/phv/m/n/10.95 147
 []


Overfull \hbox (1.29184pt too wide) detected at line 492
 []\OT1/phv/m/n/10.95 148
 []


Overfull \hbox (1.29184pt too wide) detected at line 493
 []\OT1/phv/m/n/10.95 148
 []


Overfull \hbox (1.29184pt too wide) detected at line 494
 []\OT1/phv/m/n/10.95 148
 []


Overfull \hbox (1.29184pt too wide) detected at line 495
 []\OT1/phv/m/n/10.95 148
 []


Overfull \hbox (1.29184pt too wide) detected at line 496
 []\OT1/phv/m/n/10.95 148
 []


Overfull \hbox (2.21146pt too wide) detected at line 497
\OT1/phv/m/n/10.95 13.10 
 []


Overfull \hbox (1.29184pt too wide) detected at line 497
 []\OT1/phv/m/n/10.95 149
 []


Overfull \hbox (1.29184pt too wide) detected at line 499
 []\OT1/phv/m/n/10.95 152
 []


Overfull \hbox (1.29184pt too wide) detected at line 500
 []\OT1/phv/m/n/10.95 153
 []


Overfull \hbox (1.29184pt too wide) detected at line 502
 []\OT1/phv/m/n/10.95 156
 []


Overfull \hbox (1.29184pt too wide) detected at line 503
 []\OT1/phv/m/n/10.95 156
 []


Overfull \hbox (1.29184pt too wide) detected at line 504
 []\OT1/phv/m/n/10.95 156
 []


Overfull \hbox (1.29184pt too wide) detected at line 505
 []\OT1/phv/m/n/10.95 156
 []


Overfull \hbox (1.29184pt too wide) detected at line 506
 []\OT1/phv/m/n/10.95 156
 []


Overfull \hbox (1.29184pt too wide) detected at line 507
 []\OT1/phv/m/n/10.95 156
 []


Overfull \hbox (1.29184pt too wide) detected at line 508
 []\OT1/phv/m/n/10.95 156
 []


Overfull \hbox (1.29184pt too wide) detected at line 509
 []\OT1/phv/m/n/10.95 156
 []


Overfull \hbox (1.29184pt too wide) detected at line 510
 []\OT1/phv/m/n/10.95 157
 []


Overfull \hbox (1.29184pt too wide) detected at line 511
 []\OT1/phv/m/n/10.95 157
 []


Overfull \hbox (1.48863pt too wide) detected at line 512
\OT1/phv/m/n/10.95 15.1.10 
 []


Overfull \hbox (1.29184pt too wide) detected at line 512
 []\OT1/phv/m/n/10.95 157
 []


Overfull \hbox (1.48863pt too wide) detected at line 513
\OT1/phv/m/n/10.95 15.1.11 
 []


Overfull \hbox (1.29184pt too wide) detected at line 513
 []\OT1/phv/m/n/10.95 157
 []


Overfull \hbox (1.48863pt too wide) detected at line 514
\OT1/phv/m/n/10.95 15.1.12 
 []


Overfull \hbox (1.29184pt too wide) detected at line 514
 []\OT1/phv/m/n/10.95 157
 []


Overfull \hbox (1.48863pt too wide) detected at line 515
\OT1/phv/m/n/10.95 15.1.13 
 []


Overfull \hbox (1.29184pt too wide) detected at line 515
 []\OT1/phv/m/n/10.95 157
 []


Overfull \hbox (1.48863pt too wide) detected at line 516
\OT1/phv/m/n/10.95 15.1.14 
 []


Overfull \hbox (1.29184pt too wide) detected at line 516
 []\OT1/phv/m/n/10.95 158
 []


Package fancyhdr Warning: \headheight is too small (12.0pt): 
(fancyhdr)                Make it at least 13.59999pt, for example:
(fancyhdr)                \setlength{\headheight}{13.59999pt}.
(fancyhdr)                You might also make \topmargin smaller to compensate:

(fancyhdr)                \addtolength{\topmargin}{-1.59999pt}.

[12]
Overfull \hbox (1.29184pt too wide) detected at line 517
 []\OT1/phv/m/n/10.95 158
 []


Overfull \hbox (1.29184pt too wide) detected at line 518
 []\OT1/phv/m/n/10.95 158
 []


Overfull \hbox (1.29184pt too wide) detected at line 519
 []\OT1/phv/m/n/10.95 158
 []


Overfull \hbox (1.29184pt too wide) detected at line 520
 []\OT1/phv/m/n/10.95 159
 []


Overfull \hbox (1.29184pt too wide) detected at line 524
 []\OT1/phv/m/n/10.95 159
 []


Overfull \hbox (1.29184pt too wide) detected at line 525
 []\OT1/phv/m/n/10.95 159
 []


Overfull \hbox (1.29184pt too wide) detected at line 526
 []\OT1/phv/m/n/10.95 159
 []


Overfull \hbox (1.29184pt too wide) detected at line 527
 []\OT1/phv/m/n/10.95 159
 []


Overfull \hbox (1.29184pt too wide) detected at line 528
 []\OT1/phv/m/n/10.95 159
 []


Overfull \hbox (1.29184pt too wide) detected at line 529
 []\OT1/phv/m/n/10.95 159
 []


Overfull \hbox (1.29184pt too wide) detected at line 530
 []\OT1/phv/m/n/10.95 160
 []


Overfull \hbox (1.29184pt too wide) detected at line 531
 []\OT1/phv/m/n/10.95 160
 []


Overfull \hbox (1.29184pt too wide) detected at line 532
 []\OT1/phv/m/n/10.95 160
 []


Overfull \hbox (1.29184pt too wide) detected at line 533
 []\OT1/phv/m/n/10.95 161
 []


Overfull \hbox (1.29184pt too wide) detected at line 534
 []\OT1/phv/m/n/10.95 161
 []


Overfull \hbox (1.29184pt too wide) detected at line 536
 []\OT1/phv/m/n/10.95 161
 []


Overfull \hbox (1.29184pt too wide) detected at line 537
 []\OT1/phv/m/n/10.95 161
 []


Overfull \hbox (1.29184pt too wide) detected at line 538
 []\OT1/phv/m/n/10.95 162
 []


Overfull \hbox (1.29184pt too wide) detected at line 539
 []\OT1/phv/m/n/10.95 162
 []


Overfull \hbox (1.29184pt too wide) detected at line 540
 []\OT1/phv/m/n/10.95 162
 []


Overfull \hbox (1.29184pt too wide) detected at line 541
 []\OT1/phv/m/n/10.95 162
 []


Overfull \hbox (1.29184pt too wide) detected at line 543
 []\OT1/phv/m/n/10.95 162
 []


Overfull \hbox (1.29184pt too wide) detected at line 544
 []\OT1/phv/m/n/10.95 162
 []


Overfull \hbox (1.29184pt too wide) detected at line 545
 []\OT1/phv/m/n/10.95 163
 []


Overfull \hbox (1.29184pt too wide) detected at line 546
 []\OT1/phv/m/n/10.95 163
 []


Overfull \hbox (1.29184pt too wide) detected at line 547
 []\OT1/phv/m/n/10.95 163
 []


Overfull \hbox (1.29184pt too wide) detected at line 548
 []\OT1/phv/m/n/10.95 163
 []


Overfull \hbox (1.29184pt too wide) detected at line 549
 []\OT1/phv/m/n/10.95 163
 []


Overfull \hbox (1.29184pt too wide) detected at line 550
 []\OT1/phv/m/n/10.95 163
 []


Overfull \hbox (1.29184pt too wide) detected at line 551
 []\OT1/phv/m/n/10.95 163
 []


Overfull \hbox (1.29184pt too wide) detected at line 552
 []\OT1/phv/m/n/10.95 163
 []


Overfull \hbox (1.29184pt too wide) detected at line 553
 []\OT1/phv/m/n/10.95 163
 []


Overfull \hbox (1.29184pt too wide) detected at line 554
 []\OT1/phv/m/n/10.95 164
 []


Overfull \hbox (1.29184pt too wide) detected at line 555
 []\OT1/phv/m/n/10.95 164
 []


Overfull \hbox (1.29184pt too wide) detected at line 556
 []\OT1/phv/m/n/10.95 164
 []


Overfull \hbox (1.29184pt too wide) detected at line 557
 []\OT1/phv/m/n/10.95 164
 []


Overfull \hbox (1.29184pt too wide) detected at line 558
 []\OT1/phv/m/n/10.95 164
 []


Overfull \hbox (1.29184pt too wide) detected at line 559
 []\OT1/phv/m/n/10.95 165
 []


Overfull \hbox (1.29184pt too wide) detected at line 560
 []\OT1/phv/m/n/10.95 165
 []


Overfull \hbox (1.29184pt too wide) detected at line 561
 []\OT1/phv/m/n/10.95 165
 []


Overfull \hbox (1.29184pt too wide) detected at line 562
 []\OT1/phv/m/n/10.95 165
 []


Overfull \hbox (1.29184pt too wide) detected at line 563
 []\OT1/phv/m/n/10.95 165
 []


Overfull \hbox (2.21146pt too wide) detected at line 564
\OT1/phv/m/n/10.95 15.10 
 []


Overfull \hbox (1.29184pt too wide) detected at line 564
 []\OT1/phv/m/n/10.95 165
 []


Overfull \hbox (1.48863pt too wide) detected at line 565
\OT1/phv/m/n/10.95 15.10.1 
 []


Overfull \hbox (1.29184pt too wide) detected at line 565
 []\OT1/phv/m/n/10.95 165
 []


Overfull \hbox (1.48863pt too wide) detected at line 566
\OT1/phv/m/n/10.95 15.10.2 
 []


Overfull \hbox (1.29184pt too wide) detected at line 566
 []\OT1/phv/m/n/10.95 166
 []


Overfull \hbox (1.48863pt too wide) detected at line 569
\OT1/phv/m/n/10.95 15.10.3 
 []


Overfull \hbox (1.29184pt too wide) detected at line 569
 []\OT1/phv/m/n/10.95 166
 []


Overfull \hbox (1.48863pt too wide) detected at line 570
\OT1/phv/m/n/10.95 15.10.4 
 []


Overfull \hbox (1.29184pt too wide) detected at line 570
 []\OT1/phv/m/n/10.95 166
 []


Package fancyhdr Warning: \headheight is too small (12.0pt): 
(fancyhdr)                Make it at least 13.59999pt, for example:
(fancyhdr)                \setlength{\headheight}{13.59999pt}.
(fancyhdr)                You might also make \topmargin smaller to compensate:

(fancyhdr)                \addtolength{\topmargin}{-1.59999pt}.

[13]
Overfull \hbox (2.21146pt too wide) detected at line 571
\OT1/phv/m/n/10.95 15.11 
 []


Overfull \hbox (1.29184pt too wide) detected at line 571
 []\OT1/phv/m/n/10.95 166
 []


Overfull \hbox (1.48863pt too wide) detected at line 572
\OT1/phv/m/n/10.95 15.11.1 
 []


Overfull \hbox (1.29184pt too wide) detected at line 572
 []\OT1/phv/m/n/10.95 166
 []


Overfull \hbox (1.48863pt too wide) detected at line 573
\OT1/phv/m/n/10.95 15.11.2 
 []


Overfull \hbox (1.29184pt too wide) detected at line 573
 []\OT1/phv/m/n/10.95 167
 []


Overfull \hbox (1.48863pt too wide) detected at line 574
\OT1/phv/m/n/10.95 15.11.3 
 []


Overfull \hbox (1.29184pt too wide) detected at line 574
 []\OT1/phv/m/n/10.95 167
 []


Overfull \hbox (1.48863pt too wide) detected at line 575
\OT1/phv/m/n/10.95 15.11.4 
 []


Overfull \hbox (1.29184pt too wide) detected at line 575
 []\OT1/phv/m/n/10.95 167
 []


Overfull \hbox (1.29184pt too wide) detected at line 577
 []\OT1/phv/m/n/10.95 170
 []


Overfull \hbox (1.29184pt too wide) detected at line 578
 []\OT1/phv/m/n/10.95 170
 []


Overfull \hbox (1.29184pt too wide) detected at line 579
 []\OT1/phv/m/n/10.95 170
 []


Overfull \hbox (1.29184pt too wide) detected at line 580
 []\OT1/phv/m/n/10.95 171
 []


Overfull \hbox (1.29184pt too wide) detected at line 581
 []\OT1/phv/m/n/10.95 171
 []


Overfull \hbox (1.29184pt too wide) detected at line 582
 []\OT1/phv/m/n/10.95 171
 []


Overfull \hbox (1.29184pt too wide) detected at line 583
 []\OT1/phv/m/n/10.95 171
 []


Overfull \hbox (1.29184pt too wide) detected at line 584
 []\OT1/phv/m/n/10.95 172
 []


Overfull \hbox (1.29184pt too wide) detected at line 585
 []\OT1/phv/m/n/10.95 172
 []


Overfull \hbox (1.29184pt too wide) detected at line 586
 []\OT1/phv/m/n/10.95 172
 []


Overfull \hbox (1.29184pt too wide) detected at line 587
 []\OT1/phv/m/n/10.95 173
 []


Overfull \hbox (2.21146pt too wide) detected at line 588
\OT1/phv/m/n/10.95 16.10 
 []


Overfull \hbox (1.29184pt too wide) detected at line 588
 []\OT1/phv/m/n/10.95 173
 []


Overfull \hbox (2.21146pt too wide) detected at line 589
\OT1/phv/m/n/10.95 16.11 
 []


Overfull \hbox (1.29184pt too wide) detected at line 589
 []\OT1/phv/m/n/10.95 173
 []


Overfull \hbox (2.21146pt too wide) detected at line 590
\OT1/phv/m/n/10.95 16.12 
 []


Overfull \hbox (1.29184pt too wide) detected at line 590
 []\OT1/phv/m/n/10.95 173
 []


Overfull \hbox (1.29184pt too wide) detected at line 592
 []\OT1/phv/m/n/10.95 176
 []


Overfull \hbox (1.29184pt too wide) detected at line 593
 []\OT1/phv/m/n/10.95 176
 []


Overfull \hbox (1.29184pt too wide) detected at line 594
 []\OT1/phv/m/n/10.95 176
 []


Overfull \hbox (1.29184pt too wide) detected at line 595
 []\OT1/phv/m/n/10.95 176
 []


Overfull \hbox (1.29184pt too wide) detected at line 596
 []\OT1/phv/m/n/10.95 176
 []


Overfull \hbox (1.29184pt too wide) detected at line 597
 []\OT1/phv/m/n/10.95 176
 []


Overfull \hbox (1.29184pt too wide) detected at line 598
 []\OT1/phv/m/n/10.95 176
 []


Overfull \hbox (1.29184pt too wide) detected at line 599
 []\OT1/phv/m/n/10.95 177
 []


Overfull \hbox (1.29184pt too wide) detected at line 600
 []\OT1/phv/m/n/10.95 177
 []


Overfull \hbox (1.29184pt too wide) detected at line 601
 []\OT1/phv/m/n/10.95 177
 []


Overfull \hbox (1.29184pt too wide) detected at line 602
 []\OT1/phv/m/n/10.95 177
 []


Overfull \hbox (1.29184pt too wide) detected at line 603
 []\OT1/phv/m/n/10.95 178
 []


Overfull \hbox (1.29184pt too wide) detected at line 604
 []\OT1/phv/m/n/10.95 178
 []


Overfull \hbox (1.29184pt too wide) detected at line 605
 []\OT1/phv/m/n/10.95 178
 []


Overfull \hbox (1.29184pt too wide) detected at line 606
 []\OT1/phv/m/n/10.95 178
 []


Overfull \hbox (1.29184pt too wide) detected at line 607
 []\OT1/phv/m/n/10.95 179
 []


Overfull \hbox (1.29184pt too wide) detected at line 608
 []\OT1/phv/m/n/10.95 179
 []


Overfull \hbox (1.29184pt too wide) detected at line 609
 []\OT1/phv/m/n/10.95 179
 []


Overfull \hbox (1.29184pt too wide) detected at line 610
 []\OT1/phv/m/n/10.95 179
 []


Overfull \hbox (1.29184pt too wide) detected at line 611
 []\OT1/phv/m/n/10.95 180
 []


Overfull \hbox (2.21146pt too wide) detected at line 612
\OT1/phv/m/n/10.95 17.10 
 []


Overfull \hbox (1.29184pt too wide) detected at line 612
 []\OT1/phv/m/n/10.95 180
 []


Overfull \hbox (2.21146pt too wide) detected at line 613
\OT1/phv/m/n/10.95 17.11 
 []


Overfull \hbox (1.29184pt too wide) detected at line 613
 []\OT1/phv/m/n/10.95 180
 []


Overfull \hbox (1.48863pt too wide) detected at line 614
\OT1/phv/m/n/10.95 17.11.1 
 []


Overfull \hbox (1.29184pt too wide) detected at line 614
 []\OT1/phv/m/n/10.95 180
 []


Overfull \hbox (1.48863pt too wide) detected at line 615
\OT1/phv/m/n/10.95 17.11.2 
 []


Overfull \hbox (1.29184pt too wide) detected at line 615
 []\OT1/phv/m/n/10.95 180
 []


Overfull \hbox (2.21146pt too wide) detected at line 616
\OT1/phv/m/n/10.95 17.12 
 []


Overfull \hbox (1.29184pt too wide) detected at line 616
 []\OT1/phv/m/n/10.95 181
 []


Package fancyhdr Warning: \headheight is too small (12.0pt): 
(fancyhdr)                Make it at least 13.59999pt, for example:
(fancyhdr)                \setlength{\headheight}{13.59999pt}.
(fancyhdr)                You might also make \topmargin smaller to compensate:

(fancyhdr)                \addtolength{\topmargin}{-1.59999pt}.

[14]
Overfull \hbox (2.21146pt too wide) detected at line 617
\OT1/phv/m/n/10.95 17.13 
 []


Overfull \hbox (1.29184pt too wide) detected at line 617
 []\OT1/phv/m/n/10.95 181
 []


Overfull \hbox (1.48863pt too wide) detected at line 618
\OT1/phv/m/n/10.95 17.13.1 
 []


Overfull \hbox (1.29184pt too wide) detected at line 618
 []\OT1/phv/m/n/10.95 181
 []


Overfull \hbox (2.21146pt too wide) detected at line 619
\OT1/phv/m/n/10.95 17.14 
 []


Overfull \hbox (1.29184pt too wide) detected at line 619
 []\OT1/phv/m/n/10.95 181
 []


Overfull \hbox (1.48863pt too wide) detected at line 620
\OT1/phv/m/n/10.95 17.14.1 
 []


Overfull \hbox (1.29184pt too wide) detected at line 620
 []\OT1/phv/m/n/10.95 181
 []


Overfull \hbox (1.48863pt too wide) detected at line 621
\OT1/phv/m/n/10.95 17.14.2 
 []


Overfull \hbox (1.29184pt too wide) detected at line 621
 []\OT1/phv/m/n/10.95 181
 []


Overfull \hbox (1.48863pt too wide) detected at line 622
\OT1/phv/m/n/10.95 17.14.3 
 []


Overfull \hbox (1.29184pt too wide) detected at line 622
 []\OT1/phv/m/n/10.95 181
 []

)
\tf@toc=\write5
\openout5 = `main.toc'.



Package fancyhdr Warning: \headheight is too small (12.0pt): 
(fancyhdr)                Make it at least 13.59999pt, for example:
(fancyhdr)                \setlength{\headheight}{13.59999pt}.
(fancyhdr)                You might also make \topmargin smaller to compensate:

(fancyhdr)                \addtolength{\topmargin}{-1.59999pt}.

[15]

Package fancyhdr Warning: \headheight is too small (12.0pt): 
(fancyhdr)                Make it at least 13.59999pt, for example:
(fancyhdr)                \setlength{\headheight}{13.59999pt}.
(fancyhdr)                You might also make \topmargin smaller to compensate:

(fancyhdr)                \addtolength{\topmargin}{-1.59999pt}.

[16

]
Chapter 1.
LaTeX Font Info:    Trying to load font information for TS1+phv on input line 9
1.
(C:\Users\Marjan\AppData\Local\Programs\MiKTeX\tex/latex/psnfss\ts1phv.fd
File: ts1phv.fd 2020/03/25 scalable font definitions for TS1/phv.
)
[17]

Package fancyhdr Warning: \headheight is too small (12.0pt): 
(fancyhdr)                Make it at least 13.59999pt, for example:
(fancyhdr)                \setlength{\headheight}{13.59999pt}.
(fancyhdr)                You might also make \topmargin smaller to compensate:

(fancyhdr)                \addtolength{\topmargin}{-1.59999pt}.

[18

]
Chapter 2.
main.tex:121: Undefined control sequence.
\tikzexternal@figurename ->\tikzexternal@realjob 
                                                 -figure
l.121         \end{tikzpicture}
                               
The control sequence at the end of the top line
of your error message was never \def'ed. If you have
misspelled it (e.g., `\hobx'), type `I' and the correct
spelling (e.g., `I\hbox'). Otherwise just continue,
and I'll forget about whatever was undefined.

main.tex:121: Undefined control sequence.
\tikzexternal@figurename ->\tikzexternal@realjob 
                                                 -figure
l.121         \end{tikzpicture}
                               
The control sequence at the end of the top line
of your error message was never \def'ed. If you have
misspelled it (e.g., `\hobx'), type `I' and the correct
spelling (e.g., `I\hbox'). Otherwise just continue,
and I'll forget about whatever was undefined.

main.tex:121: Undefined control sequence.
\tikzexternal@figurename ->\tikzexternal@realjob 
                                                 -figure
l.121         \end{tikzpicture}
                               
The control sequence at the end of the top line
of your error message was never \def'ed. If you have
misspelled it (e.g., `\hobx'), type `I' and the correct
spelling (e.g., `I\hbox'). Otherwise just continue,
and I'll forget about whatever was undefined.

main.tex:121: Undefined control sequence.
\tikzexternal@figurename ->\tikzexternal@realjob 
                                                 -figure
l.121         \end{tikzpicture}
                               
The control sequence at the end of the top line
of your error message was never \def'ed. If you have
misspelled it (e.g., `\hobx'), type `I' and the correct
spelling (e.g., `I\hbox'). Otherwise just continue,
and I'll forget about whatever was undefined.

main.tex:121: Undefined control sequence.
\tikzexternal@curfilename ->\tikzexternal@realjob 
                                                  -figure0
l.121         \end{tikzpicture}
                               
The control sequence at the end of the top line
of your error message was never \def'ed. If you have
misspelled it (e.g., `\hobx'), type `I' and the correct
spelling (e.g., `I\hbox'). Otherwise just continue,
and I'll forget about whatever was undefined.

main.tex:121: Undefined control sequence.
tikzexternal@curfilename ->tikzexternal@realjob 
                                                -figure0
l.121         \end{tikzpicture}
                               
The control sequence at the end of the top line
of your error message was never \def'ed. If you have
misspelled it (e.g., `\hobx'), type `I' and the correct
spelling (e.g., `I\hbox'). Otherwise just continue,
and I'll forget about whatever was undefined.

main.tex:121: Undefined control sequence.
tikzexternal@curfilename ->tikzexternal@realjob 
                                                -figure0
l.121         \end{tikzpicture}
                               
The control sequence at the end of the top line
of your error message was never \def'ed. If you have
misspelled it (e.g., `\hobx'), type `I' and the correct
spelling (e.g., `I\hbox'). Otherwise just continue,
and I'll forget about whatever was undefined.

main.tex:121: Undefined control sequence.
tikzexternal@curfilename ->tikzexternal@realjob 
                                                -figure0
l.121         \end{tikzpicture}
                               
The control sequence at the end of the top line
of your error message was never \def'ed. If you have
misspelled it (e.g., `\hobx'), type `I' and the correct
spelling (e.g., `I\hbox'). Otherwise just continue,
and I'll forget about whatever was undefined.


main.tex:121: Undefined control sequence.
\tikzexternal@curfilename ->\tikzexternal@realjob 
                                                  -figure0
l.121         \end{tikzpicture}
                               
The control sequence at the end of the top line
of your error message was never \def'ed. If you have
misspelled it (e.g., `\hobx'), type `I' and the correct
spelling (e.g., `I\hbox'). Otherwise just continue,
and I'll forget about whatever was undefined.

main.tex:121: LaTeX Error: File `-figure0' not found.

See the LaTeX manual or LaTeX Companion for explanation.
Type  H <return>  for immediate help.
 ...                                              
                                                  
l.121         \end{tikzpicture}
                               
I could not locate the file with any of these extensions:
.pdf,.png,.jpg,.mps,.jpeg,.jbig2,.jb2,.PDF,.PNG,.JPG,.JPEG,.JBIG2,.JB2,.eps
Try typing  <return>  to proceed.
If that doesn't work, type  X <return>  to quit.

[19pdfTeX warning (ext4): destination with the same identifier (name{figure.2.1
}) has been already used, duplicate ignored
<argument> ...shipout:D \box_use:N \l_shipout_box 
                                                  \__shipout_drop_firstpage_...
l.126     \chapter
                  {Identity \& Federation}]

Package fancyhdr Warning: \headheight is too small (12.0pt): 
(fancyhdr)                Make it at least 13.59999pt, for example:
(fancyhdr)                \setlength{\headheight}{13.59999pt}.
(fancyhdr)                You might also make \topmargin smaller to compensate:

(fancyhdr)                \addtolength{\topmargin}{-1.59999pt}.

[20

]
Chapter 3.
[21]
\openout2 = `chapters/indentity_and_federation.aux'.

 (chapters/indentity_and_federation.tex
(C:\Users\Marjan\AppData\Local\Programs\MiKTeX\tex/latex/listings\lstlang1.sty
File: lstlang1.sty 2020/03/24 1.8d listings language file
) (C:\Users\Marjan\AppData\Local\Programs\MiKTeX\tex/latex/listings\lstlang2.st
y
File: lstlang2.sty 2020/03/24 1.8d listings language file
)
(C:\Users\Marjan\AppData\Local\Programs\MiKTeX\tex/latex/listings\lstlang3.sty
File: lstlang3.sty 2020/03/24 1.8d listings language file
)

chapters/indentity_and_federation.tex:28: Package Listings Error: Couldn't load
 requested language.

See the Listings package documentation for explanation.
Type  H <return>  for immediate help.
 ...                                              
                                                  
l.28 ...=Sample JSON Data, label=lst:json-example]
                                                  
The following languages weren't loadable:
    ,json$
This may cause errors in the sequel.


chapters/indentity_and_federation.tex:28: Package Listings Error: language json
 undefined.

See the Listings package documentation for explanation.
Type  H <return>  for immediate help.
 ...                                              
                                                  
l.28 ...=Sample JSON Data, label=lst:json-example]
                                                  
The language is not loadable. Try typing  <return>  to proceed.
If that doesn't work, type  X <return>  to quit.

Package hyperref Info: bookmark level for unknown lstlisting defaults to 0 on i
nput line 28.
LaTeX Font Info:    Trying to load font information for OMS+phv on input line 2
9.
(C:\Users\Marjan\AppData\Local\Programs\MiKTeX\tex/latex/psnfss\omsphv.fd
File: omsphv.fd 
)
LaTeX Font Info:    Font shape `OMS/phv/m/n' in size <10.95> not available
(Font)              Font shape `OMS/cmsy/m/n' tried instead on input line 29.


Package fancyhdr Warning: \headheight is too small (12.0pt): 
(fancyhdr)                Make it at least 13.59999pt, for example:
(fancyhdr)                \setlength{\headheight}{13.59999pt}.
(fancyhdr)                You might also make \topmargin smaller to compensate:

(fancyhdr)                \addtolength{\topmargin}{-1.59999pt}.

[22

]

Package fancyhdr Warning: \headheight is too small (12.0pt): 
(fancyhdr)                Make it at least 13.59999pt, for example:
(fancyhdr)                \setlength{\headheight}{13.59999pt}.
(fancyhdr)                You might also make \topmargin smaller to compensate:

(fancyhdr)                \addtolength{\topmargin}{-1.59999pt}.

[23]

Package fancyhdr Warning: \headheight is too small (12.0pt): 
(fancyhdr)                Make it at least 13.59999pt, for example:
(fancyhdr)                \setlength{\headheight}{13.59999pt}.
(fancyhdr)                You might also make \topmargin smaller to compensate:

(fancyhdr)                \addtolength{\topmargin}{-1.59999pt}.

[24]

Package fancyhdr Warning: \headheight is too small (12.0pt): 
(fancyhdr)                Make it at least 13.59999pt, for example:
(fancyhdr)                \setlength{\headheight}{13.59999pt}.
(fancyhdr)                You might also make \topmargin smaller to compensate:

(fancyhdr)                \addtolength{\topmargin}{-1.59999pt}.

[25]

Package fancyhdr Warning: \headheight is too small (12.0pt): 
(fancyhdr)                Make it at least 13.59999pt, for example:
(fancyhdr)                \setlength{\headheight}{13.59999pt}.
(fancyhdr)                You might also make \topmargin smaller to compensate:

(fancyhdr)                \addtolength{\topmargin}{-1.59999pt}.

[26]

Package fancyhdr Warning: \headheight is too small (12.0pt): 
(fancyhdr)                Make it at least 13.59999pt, for example:
(fancyhdr)                \setlength{\headheight}{13.59999pt}.
(fancyhdr)                You might also make \topmargin smaller to compensate:

(fancyhdr)                \addtolength{\topmargin}{-1.59999pt}.

[27]
chapters/indentity_and_federation.tex:282: You can't use `macro parameter chara
cter #' in horizontal mode.
l.282 ...item Multi AZ deployment of AD in 2 AZ, #
                                                   of DC (Domain Controllers...
Sorry, but I'm not programmed to handle this case;
I'll just pretend that you didn't ask for it.
If you're in the wrong mode, you might be able to
return to the right one by typing `I}' or `I$' or `I\par'.


Package fancyhdr Warning: \headheight is too small (12.0pt): 
(fancyhdr)                Make it at least 13.59999pt, for example:
(fancyhdr)                \setlength{\headheight}{13.59999pt}.
(fancyhdr)                You might also make \topmargin smaller to compensate:

(fancyhdr)                \addtolength{\topmargin}{-1.59999pt}.

[28]

Package fancyhdr Warning: \headheight is too small (12.0pt): 
(fancyhdr)                Make it at least 13.59999pt, for example:
(fancyhdr)                \setlength{\headheight}{13.59999pt}.
(fancyhdr)                You might also make \topmargin smaller to compensate:

(fancyhdr)                \addtolength{\topmargin}{-1.59999pt}.

[29]

Package fancyhdr Warning: \headheight is too small (12.0pt): 
(fancyhdr)                Make it at least 13.59999pt, for example:
(fancyhdr)                \setlength{\headheight}{13.59999pt}.
(fancyhdr)                You might also make \topmargin smaller to compensate:

(fancyhdr)                \addtolength{\topmargin}{-1.59999pt}.

[30]

Package fancyhdr Warning: \headheight is too small (12.0pt): 
(fancyhdr)                Make it at least 13.59999pt, for example:
(fancyhdr)                \setlength{\headheight}{13.59999pt}.
(fancyhdr)                You might also make \topmargin smaller to compensate:

(fancyhdr)                \addtolength{\topmargin}{-1.59999pt}.

[31]

Package fancyhdr Warning: \headheight is too small (12.0pt): 
(fancyhdr)                Make it at least 13.59999pt, for example:
(fancyhdr)                \setlength{\headheight}{13.59999pt}.
(fancyhdr)                You might also make \topmargin smaller to compensate:

(fancyhdr)                \addtolength{\topmargin}{-1.59999pt}.

[32]

Package fancyhdr Warning: \headheight is too small (12.0pt): 
(fancyhdr)                Make it at least 13.59999pt, for example:
(fancyhdr)                \setlength{\headheight}{13.59999pt}.
(fancyhdr)                You might also make \topmargin smaller to compensate:

(fancyhdr)                \addtolength{\topmargin}{-1.59999pt}.

[33]

Package fancyhdr Warning: \headheight is too small (12.0pt): 
(fancyhdr)                Make it at least 13.59999pt, for example:
(fancyhdr)                \setlength{\headheight}{13.59999pt}.
(fancyhdr)                You might also make \topmargin smaller to compensate:

(fancyhdr)                \addtolength{\topmargin}{-1.59999pt}.

[34]

Package fancyhdr Warning: \headheight is too small (12.0pt): 
(fancyhdr)                Make it at least 13.59999pt, for example:
(fancyhdr)                \setlength{\headheight}{13.59999pt}.
(fancyhdr)                You might also make \topmargin smaller to compensate:

(fancyhdr)                \addtolength{\topmargin}{-1.59999pt}.

[35]

Package fancyhdr Warning: \headheight is too small (12.0pt): 
(fancyhdr)                Make it at least 13.59999pt, for example:
(fancyhdr)                \setlength{\headheight}{13.59999pt}.
(fancyhdr)                You might also make \topmargin smaller to compensate:

(fancyhdr)                \addtolength{\topmargin}{-1.59999pt}.

[36])

Package fancyhdr Warning: \headheight is too small (12.0pt): 
(fancyhdr)                Make it at least 13.59999pt, for example:
(fancyhdr)                \setlength{\headheight}{13.59999pt}.
(fancyhdr)                You might also make \topmargin smaller to compensate:

(fancyhdr)                \addtolength{\topmargin}{-1.59999pt}.

[37]

Package fancyhdr Warning: \headheight is too small (12.0pt): 
(fancyhdr)                Make it at least 13.59999pt, for example:
(fancyhdr)                \setlength{\headheight}{13.59999pt}.
(fancyhdr)                You might also make \topmargin smaller to compensate:

(fancyhdr)                \addtolength{\topmargin}{-1.59999pt}.

[38



]
Chapter 4.
[39]
\openout2 = `chapters/security.aux'.

 (chapters/security.tex

Package fancyhdr Warning: \headheight is too small (12.0pt): 
(fancyhdr)                Make it at least 13.59999pt, for example:
(fancyhdr)                \setlength{\headheight}{13.59999pt}.
(fancyhdr)                You might also make \topmargin smaller to compensate:

(fancyhdr)                \addtolength{\topmargin}{-1.59999pt}.

[40

]

Package fancyhdr Warning: \headheight is too small (12.0pt): 
(fancyhdr)                Make it at least 13.59999pt, for example:
(fancyhdr)                \setlength{\headheight}{13.59999pt}.
(fancyhdr)                You might also make \topmargin smaller to compensate:

(fancyhdr)                \addtolength{\topmargin}{-1.59999pt}.

[41]

Package fancyhdr Warning: \headheight is too small (12.0pt): 
(fancyhdr)                Make it at least 13.59999pt, for example:
(fancyhdr)                \setlength{\headheight}{13.59999pt}.
(fancyhdr)                You might also make \topmargin smaller to compensate:

(fancyhdr)                \addtolength{\topmargin}{-1.59999pt}.

[42]
chapters/security.tex:169: Missing $ inserted.
<inserted text> 
                $
l.169 - KMS(AWS_
                KMS) - default
I've inserted a begin-math/end-math symbol since I think
you left one out. Proceed, with fingers crossed.

chapters/security.tex:171: Missing $ inserted.
<inserted text> 
                $
l.171 
      
I've inserted a begin-math/end-math symbol since I think
you left one out. Proceed, with fingers crossed.


Overfull \hbox (4.89807pt too wide) in paragraph at lines 169--171
[]\OT1/phv/m/n/10.95 - KMS(AWS$[]\OML/cmm/m/it/10.95 MS\OT1/cmr/m/n/10.95 ) \OM
S/cmsy/m/n/10.95   \OML/cmm/m/it/10.95 default \OMS/cmsy/m/n/10.95   \OML/cmm/m
/it/10.95 AWSKMScreatedandmanagedthekeymaterialinitsownkeystore$ 
 []

chapters/security.tex:176: Missing $ inserted.
<inserted text> 
                $
l.176 - Custom Key Store (AWS_
                              CLOUDHSM)
I've inserted a begin-math/end-math symbol since I think
you left one out. Proceed, with fingers crossed.

chapters/security.tex:178: Missing $ inserted.
<inserted text> 
                $
l.178 
      
I've inserted a begin-math/end-math symbol since I think
you left one out. Proceed, with fingers crossed.


Overfull \hbox (117.87563pt too wide) in paragraph at lines 176--178
[]\OT1/phv/m/n/10.95 - Cus-tom Key Store (AWS$[]\OML/cmm/m/it/10.95 LOUDHSM\OT1
/cmr/m/n/10.95 ) \OMS/cmsy/m/n/10.95   \OML/cmm/m/it/10.95 AWSKMScreatesthekeym
aterialinacustomkeystore\OT1/cmr/m/n/10.95 (\OML/cmm/m/it/10.95 CloudHSMCluster
\OT1/cmr/m/n/10.95 )$ 
 []


Package fancyhdr Warning: \headheight is too small (12.0pt): 
(fancyhdr)                Make it at least 13.59999pt, for example:
(fancyhdr)                \setlength{\headheight}{13.59999pt}.
(fancyhdr)                You might also make \topmargin smaller to compensate:

(fancyhdr)                \addtolength{\topmargin}{-1.59999pt}.

[43]

Package fancyhdr Warning: \headheight is too small (12.0pt): 
(fancyhdr)                Make it at least 13.59999pt, for example:
(fancyhdr)                \setlength{\headheight}{13.59999pt}.
(fancyhdr)                You might also make \topmargin smaller to compensate:

(fancyhdr)                \addtolength{\topmargin}{-1.59999pt}.

[44]

Package fancyhdr Warning: \headheight is too small (12.0pt): 
(fancyhdr)                Make it at least 13.59999pt, for example:
(fancyhdr)                \setlength{\headheight}{13.59999pt}.
(fancyhdr)                You might also make \topmargin smaller to compensate:

(fancyhdr)                \addtolength{\topmargin}{-1.59999pt}.

[45]

Package fancyhdr Warning: \headheight is too small (12.0pt): 
(fancyhdr)                Make it at least 13.59999pt, for example:
(fancyhdr)                \setlength{\headheight}{13.59999pt}.
(fancyhdr)                You might also make \topmargin smaller to compensate:

(fancyhdr)                \addtolength{\topmargin}{-1.59999pt}.

[46]

chapters/security.tex:366: LaTeX Error: Lonely \item--perhaps a missing list en
vironment.

See the LaTeX manual or LaTeX Companion for explanation.
Type  H <return>  for immediate help.
 ...                                              
                                                  
l.366 \item P
             ossibility of creating public certificates
Try typing  <return>  to proceed.
If that doesn't work, type  X <return>  to quit.


Underfull \hbox (badness 10000) detected at line 366
[][]
 []


Package fancyhdr Warning: \headheight is too small (12.0pt): 
(fancyhdr)                Make it at least 13.59999pt, for example:
(fancyhdr)                \setlength{\headheight}{13.59999pt}.
(fancyhdr)                You might also make \topmargin smaller to compensate:

(fancyhdr)                \addtolength{\topmargin}{-1.59999pt}.

[47]

chapters/security.tex:367: LaTeX Error: Lonely \item--perhaps a missing list en
vironment.

See the LaTeX manual or LaTeX Companion for explanation.
Type  H <return>  for immediate help.
 ...                                              
                                                  
l.367 \item M
             ust verify public DNS
Try typing  <return>  to proceed.
If that doesn't work, type  X <return>  to quit.


Underfull \hbox (badness 10000) detected at line 367
[][]
 []


chapters/security.tex:368: LaTeX Error: Lonely \item--perhaps a missing list en
vironment.

See the LaTeX manual or LaTeX Companion for explanation.
Type  H <return>  for immediate help.
 ...                                              
                                                  
l.368 \item M
             ust be issued by a trusted public certificate authority (CA)
Try typing  <return>  to proceed.
If that doesn't work, type  X <return>  to quit.


Underfull \hbox (badness 10000) detected at line 368
[][]
 []


chapters/security.tex:369: LaTeX Error: Lonely \item--perhaps a missing list en
vironment.

See the LaTeX manual or LaTeX Companion for explanation.
Type  H <return>  for immediate help.
 ...                                              
                                                  
l.369 \item P
             ossibility of creating private certificates
Try typing  <return>  to proceed.
If that doesn't work, type  X <return>  to quit.


Underfull \hbox (badness 10000) detected at line 369
[][]
 []


chapters/security.tex:370: LaTeX Error: Lonely \item--perhaps a missing list en
vironment.

See the LaTeX manual or LaTeX Companion for explanation.
Type  H <return>  for immediate help.
 ...                                              
                                                  
l.370 \item F
             or you internal applications
Try typing  <return>  to proceed.
If that doesn't work, type  X <return>  to quit.


Underfull \hbox (badness 10000) detected at line 370
[][]
 []


chapters/security.tex:371: LaTeX Error: Lonely \item--perhaps a missing list en
vironment.

See the LaTeX manual or LaTeX Companion for explanation.
Type  H <return>  for immediate help.
 ...                                              
                                                  
l.371 \item Y
             ou create your own private CA
Try typing  <return>  to proceed.
If that doesn't work, type  X <return>  to quit.


Underfull \hbox (badness 10000) detected at line 371
[][]
 []


chapters/security.tex:372: LaTeX Error: Lonely \item--perhaps a missing list en
vironment.

See the LaTeX manual or LaTeX Companion for explanation.
Type  H <return>  for immediate help.
 ...                                              
                                                  
l.372 \item Y
             our applications must trust your private CA
Try typing  <return>  to proceed.
If that doesn't work, type  X <return>  to quit.


Underfull \hbox (badness 10000) detected at line 372
[][]
 []


chapters/security.tex:373: LaTeX Error: Lonely \item--perhaps a missing list en
vironment.

See the LaTeX manual or LaTeX Companion for explanation.
Type  H <return>  for immediate help.
 ...                                              
                                                  
l.373 \item C
             ertificate renewal:
Try typing  <return>  to proceed.
If that doesn't work, type  X <return>  to quit.


Underfull \hbox (badness 10000) detected at line 373
[][]
 []


chapters/security.tex:374: LaTeX Error: Lonely \item--perhaps a missing list en
vironment.

See the LaTeX manual or LaTeX Companion for explanation.
Type  H <return>  for immediate help.
 ...                                              
                                                  
l.374 \item A
             utomatically done if generated provisioned by ACM
Try typing  <return>  to proceed.
If that doesn't work, type  X <return>  to quit.


Underfull \hbox (badness 10000) detected at line 374
[][]
 []


chapters/security.tex:375: LaTeX Error: Lonely \item--perhaps a missing list en
vironment.

See the LaTeX manual or LaTeX Companion for explanation.
Type  H <return>  for immediate help.
 ...                                              
                                                  
l.375 \item A
             ny manually uploaded certificates must be renewed manually and ...

Try typing  <return>  to proceed.
If that doesn't work, type  X <return>  to quit.


Underfull \hbox (badness 10000) detected at line 375
[][]
 []


chapters/security.tex:376: LaTeX Error: Lonely \item--perhaps a missing list en
vironment.

See the LaTeX manual or LaTeX Companion for explanation.
Type  H <return>  for immediate help.
 ...                                              
                                                  
l.376 \item A
             CM is a regional service
Try typing  <return>  to proceed.
If that doesn't work, type  X <return>  to quit.


Underfull \hbox (badness 10000) detected at line 376
[][]
 []


chapters/security.tex:377: LaTeX Error: Lonely \item--perhaps a missing list en
vironment.

See the LaTeX manual or LaTeX Companion for explanation.
Type  H <return>  for immediate help.
 ...                                              
                                                  
l.377 \item T
             o use with a global application (multilpe ALB for example), you...

Try typing  <return>  to proceed.
If that doesn't work, type  X <return>  to quit.


Underfull \hbox (badness 10000) detected at line 377
[][]
 []


chapters/security.tex:378: LaTeX Error: Lonely \item--perhaps a missing list en
vironment.

See the LaTeX manual or LaTeX Companion for explanation.
Type  H <return>  for immediate help.
 ...                                              
                                                  
l.378 \item Y
             ou cannot copy certs across regions
Try typing  <return>  to proceed.
If that doesn't work, type  X <return>  to quit.


Underfull \hbox (badness 10000) detected at line 378
[][]
 []


chapters/security.tex:406: LaTeX Error: Lonely \item--perhaps a missing list en
vironment.

See the LaTeX manual or LaTeX Companion for explanation.
Type  H <return>  for immediate help.
 ...                                              
                                                  
l.406 \item C
             loudHSM clusters are spread across Multi AZ (HA)
Try typing  <return>  to proceed.
If that doesn't work, type  X <return>  to quit.


Underfull \hbox (badness 10000) detected at line 406
[][]
 []


Package fancyhdr Warning: \headheight is too small (12.0pt): 
(fancyhdr)                Make it at least 13.59999pt, for example:
(fancyhdr)                \setlength{\headheight}{13.59999pt}.
(fancyhdr)                You might also make \topmargin smaller to compensate:

(fancyhdr)                \addtolength{\topmargin}{-1.59999pt}.

[48]

chapters/security.tex:407: LaTeX Error: Lonely \item--perhaps a missing list en
vironment.

See the LaTeX manual or LaTeX Companion for explanation.
Type  H <return>  for immediate help.
 ...                                              
                                                  
l.407 \item G
             reat for availability
Try typing  <return>  to proceed.
If that doesn't work, type  X <return>  to quit.


Underfull \hbox (badness 10000) detected at line 407
[][]
 []


Package fancyhdr Warning: \headheight is too small (12.0pt): 
(fancyhdr)                Make it at least 13.59999pt, for example:
(fancyhdr)                \setlength{\headheight}{13.59999pt}.
(fancyhdr)                You might also make \topmargin smaller to compensate:

(fancyhdr)                \addtolength{\topmargin}{-1.59999pt}.

[49]

Package fancyhdr Warning: \headheight is too small (12.0pt): 
(fancyhdr)                Make it at least 13.59999pt, for example:
(fancyhdr)                \setlength{\headheight}{13.59999pt}.
(fancyhdr)                You might also make \topmargin smaller to compensate:

(fancyhdr)                \addtolength{\topmargin}{-1.59999pt}.

[50]
chapters/security.tex:511: Missing $ inserted.
<inserted text> 
                $
l.511 ...an change timeout with --expires-in[TIME_
                                                  BY_SECONDS] argument
I've inserted a begin-math/end-math symbol since I think
you left one out. Proceed, with fingers crossed.


chapters/security.tex:512: LaTeX Error: Command \item invalid in math mode.

See the LaTeX manual or LaTeX Companion for explanation.
Type  H <return>  for immediate help.
 ...                                              
                                                  
l.512     \item
                Users given a pre-signed URL inherit the permissions of the ...

Try typing  <return>  to proceed.
If that doesn't work, type  X <return>  to quit.


chapters/security.tex:512: LaTeX Error: Something's wrong--perhaps a missing \i
tem.

See the LaTeX manual or LaTeX Companion for explanation.
Type  H <return>  for immediate help.
 ...                                              
                                                  
l.512     \item U
                 sers given a pre-signed URL inherit the permissions of the ...

Try typing  <return>  to proceed.
If that doesn't work, type  X <return>  to quit.


chapters/security.tex:512: LaTeX Error: Something's wrong--perhaps a missing \i
tem.

See the LaTeX manual or LaTeX Companion for explanation.
Type  H <return>  for immediate help.
 ...                                              
                                                  
l.512     \item U
                 sers given a pre-signed URL inherit the permissions of the ...

Try typing  <return>  to proceed.
If that doesn't work, type  X <return>  to quit.


chapters/security.tex:513: LaTeX Error: Command \item invalid in math mode.

See the LaTeX manual or LaTeX Companion for explanation.
Type  H <return>  for immediate help.
 ...                                              
                                                  
l.513     \item
                Examples:
Try typing  <return>  to proceed.
If that doesn't work, type  X <return>  to quit.

chapters/security.tex:513: Missing $ inserted.
<inserted text> 
                $
l.513     \item E
                 xamples:
I've inserted a begin-math/end-math symbol since I think
you left one out. Proceed, with fingers crossed.

chapters/security.tex:513: Missing } inserted.
<inserted text> 
                }
l.513     \item E
                 xamples:
I've inserted something that you may have forgotten.
(See the <inserted text> above.)
With luck, this will get me unwedged. But if you
really didn't forget anything, try typing `2' now; then
my insertion and my current dilemma will both disappear.


Overfull \hbox (136.31818pt too wide) in paragraph at lines 511--513
[]\OT1/phv/m/n/10.95 Valid for a de-fault of 3600 sec-onds, can change time-out
 with --expires-in[TIME$[]\OML/cmm/m/it/10.95 Y[]ECONDS\OT1/cmr/m/n/10.95 ]\OML
/cmm/m/it/10.95 argumentUsersgivenapre \OMS/cmsy/m/n/10.95  
 []

chapters/security.tex:513: Extra }, or forgotten \endgroup.
\par ...m \@noitemerr {\@@par }\fi \else {\@@par }
                                                  \fi 
l.513     \item E
                 xamples:
I've deleted a group-closing symbol because it seems to be
spurious, as in `$x}$'. But perhaps the } is legitimate and
you forgot something else, as in `\hbox{$x}'. In such cases
the way to recover is to insert both the forgotten and the
deleted material, e.g., by typing `I$}'.


Package fancyhdr Warning: \headheight is too small (12.0pt): 
(fancyhdr)                Make it at least 13.59999pt, for example:
(fancyhdr)                \setlength{\headheight}{13.59999pt}.
(fancyhdr)                You might also make \topmargin smaller to compensate:

(fancyhdr)                \addtolength{\topmargin}{-1.59999pt}.

[51]

Package fancyhdr Warning: \headheight is too small (12.0pt): 
(fancyhdr)                Make it at least 13.59999pt, for example:
(fancyhdr)                \setlength{\headheight}{13.59999pt}.
(fancyhdr)                You might also make \topmargin smaller to compensate:

(fancyhdr)                \addtolength{\topmargin}{-1.59999pt}.

[52]

Package fancyhdr Warning: \headheight is too small (12.0pt): 
(fancyhdr)                Make it at least 13.59999pt, for example:
(fancyhdr)                \setlength{\headheight}{13.59999pt}.
(fancyhdr)                You might also make \topmargin smaller to compensate:

(fancyhdr)                \addtolength{\topmargin}{-1.59999pt}.

[53]

Package fancyhdr Warning: \headheight is too small (12.0pt): 
(fancyhdr)                Make it at least 13.59999pt, for example:
(fancyhdr)                \setlength{\headheight}{13.59999pt}.
(fancyhdr)                You might also make \topmargin smaller to compensate:

(fancyhdr)                \addtolength{\topmargin}{-1.59999pt}.

[54]

Package fancyhdr Warning: \headheight is too small (12.0pt): 
(fancyhdr)                Make it at least 13.59999pt, for example:
(fancyhdr)                \setlength{\headheight}{13.59999pt}.
(fancyhdr)                You might also make \topmargin smaller to compensate:

(fancyhdr)                \addtolength{\topmargin}{-1.59999pt}.

[55]

Package fancyhdr Warning: \headheight is too small (12.0pt): 
(fancyhdr)                Make it at least 13.59999pt, for example:
(fancyhdr)                \setlength{\headheight}{13.59999pt}.
(fancyhdr)                You might also make \topmargin smaller to compensate:

(fancyhdr)                \addtolength{\topmargin}{-1.59999pt}.

[56]

Package fancyhdr Warning: \headheight is too small (12.0pt): 
(fancyhdr)                Make it at least 13.59999pt, for example:
(fancyhdr)                \setlength{\headheight}{13.59999pt}.
(fancyhdr)                You might also make \topmargin smaller to compensate:

(fancyhdr)                \addtolength{\topmargin}{-1.59999pt}.

[57]

Package fancyhdr Warning: \headheight is too small (12.0pt): 
(fancyhdr)                Make it at least 13.59999pt, for example:
(fancyhdr)                \setlength{\headheight}{13.59999pt}.
(fancyhdr)                You might also make \topmargin smaller to compensate:

(fancyhdr)                \addtolength{\topmargin}{-1.59999pt}.

[58]

Package fancyhdr Warning: \headheight is too small (12.0pt): 
(fancyhdr)                Make it at least 13.59999pt, for example:
(fancyhdr)                \setlength{\headheight}{13.59999pt}.
(fancyhdr)                You might also make \topmargin smaller to compensate:

(fancyhdr)                \addtolength{\topmargin}{-1.59999pt}.

[59])

Package fancyhdr Warning: \headheight is too small (12.0pt): 
(fancyhdr)                Make it at least 13.59999pt, for example:
(fancyhdr)                \setlength{\headheight}{13.59999pt}.
(fancyhdr)                You might also make \topmargin smaller to compensate:

(fancyhdr)                \addtolength{\topmargin}{-1.59999pt}.

[60]
Chapter 5.
[61



]
\openout2 = `chapters/compute_and_load_balancing.aux'.

 (chapters/compute_and_load_balancing.tex

Package fancyhdr Warning: \headheight is too small (12.0pt): 
(fancyhdr)                Make it at least 13.59999pt, for example:
(fancyhdr)                \setlength{\headheight}{13.59999pt}.
(fancyhdr)                You might also make \topmargin smaller to compensate:

(fancyhdr)                \addtolength{\topmargin}{-1.59999pt}.

[62

]

Package fancyhdr Warning: \headheight is too small (12.0pt): 
(fancyhdr)                Make it at least 13.59999pt, for example:
(fancyhdr)                \setlength{\headheight}{13.59999pt}.
(fancyhdr)                You might also make \topmargin smaller to compensate:

(fancyhdr)                \addtolength{\topmargin}{-1.59999pt}.

[63]

Package fancyhdr Warning: \headheight is too small (12.0pt): 
(fancyhdr)                Make it at least 13.59999pt, for example:
(fancyhdr)                \setlength{\headheight}{13.59999pt}.
(fancyhdr)                You might also make \topmargin smaller to compensate:

(fancyhdr)                \addtolength{\topmargin}{-1.59999pt}.

[64]

chapters/compute_and_load_balancing.tex:152: LaTeX Error: Something's wrong--pe
rhaps a missing \item.

See the LaTeX manual or LaTeX Companion for explanation.
Type  H <return>  for immediate help.
 ...                                              
                                                  
l.152     \item C
                 PU optimised, GPU optimised
Try typing  <return>  to proceed.
If that doesn't work, type  X <return>  to quit.


chapters/compute_and_load_balancing.tex:152: LaTeX Error: Something's wrong--pe
rhaps a missing \item.

See the LaTeX manual or LaTeX Companion for explanation.
Type  H <return>  for immediate help.
 ...                                              
                                                  
l.152     \item C
                 PU optimised, GPU optimised
Try typing  <return>  to proceed.
If that doesn't work, type  X <return>  to quit.


chapters/compute_and_load_balancing.tex:152: LaTeX Error: Something's wrong--pe
rhaps a missing \item.

See the LaTeX manual or LaTeX Companion for explanation.
Type  H <return>  for immediate help.
 ...                                              
                                                  
l.152     \item C
                 PU optimised, GPU optimised
Try typing  <return>  to proceed.
If that doesn't work, type  X <return>  to quit.


chapters/compute_and_load_balancing.tex:153: LaTeX Error: Something's wrong--pe
rhaps a missing \item.

See the LaTeX manual or LaTeX Companion for explanation.
Type  H <return>  for immediate help.
 ...                                              
                                                  
l.153     \item S
                 pot Instances / Spot Fleets for cost savings + Auto Scaling
Try typing  <return>  to proceed.
If that doesn't work, type  X <return>  to quit.


chapters/compute_and_load_balancing.tex:153: LaTeX Error: Something's wrong--pe
rhaps a missing \item.

See the LaTeX manual or LaTeX Companion for explanation.
Type  H <return>  for immediate help.
 ...                                              
                                                  
l.153     \item S
                 pot Instances / Spot Fleets for cost savings + Auto Scaling
Try typing  <return>  to proceed.
If that doesn't work, type  X <return>  to quit.


chapters/compute_and_load_balancing.tex:153: LaTeX Error: Something's wrong--pe
rhaps a missing \item.

See the LaTeX manual or LaTeX Companion for explanation.
Type  H <return>  for immediate help.
 ...                                              
                                                  
l.153     \item S
                 pot Instances / Spot Fleets for cost savings + Auto Scaling
Try typing  <return>  to proceed.
If that doesn't work, type  X <return>  to quit.


chapters/compute_and_load_balancing.tex:154: LaTeX Error: Something's wrong--pe
rhaps a missing \item.

See the LaTeX manual or LaTeX Companion for explanation.
Type  H <return>  for immediate help.
 ...                                              
                                                  
l.154     \item E
                 C2 Place Groups: Cluster for good network performance
Try typing  <return>  to proceed.
If that doesn't work, type  X <return>  to quit.


chapters/compute_and_load_balancing.tex:154: LaTeX Error: Something's wrong--pe
rhaps a missing \item.

See the LaTeX manual or LaTeX Companion for explanation.
Type  H <return>  for immediate help.
 ...                                              
                                                  
l.154     \item E
                 C2 Place Groups: Cluster for good network performance
Try typing  <return>  to proceed.
If that doesn't work, type  X <return>  to quit.


chapters/compute_and_load_balancing.tex:154: LaTeX Error: Something's wrong--pe
rhaps a missing \item.

See the LaTeX manual or LaTeX Companion for explanation.
Type  H <return>  for immediate help.
 ...                                              
                                                  
l.154     \item E
                 C2 Place Groups: Cluster for good network performance
Try typing  <return>  to proceed.
If that doesn't work, type  X <return>  to quit.


chapters/compute_and_load_balancing.tex:156: LaTeX Error: Something's wrong--pe
rhaps a missing \item.

See the LaTeX manual or LaTeX Companion for explanation.
Type  H <return>  for immediate help.
 ...                                              
                                                  
l.156     \item E
                 C2 Enhanced Networking (SR-IOV)
Try typing  <return>  to proceed.
If that doesn't work, type  X <return>  to quit.


chapters/compute_and_load_balancing.tex:156: LaTeX Error: Something's wrong--pe
rhaps a missing \item.

See the LaTeX manual or LaTeX Companion for explanation.
Type  H <return>  for immediate help.
 ...                                              
                                                  
l.156     \item E
                 C2 Enhanced Networking (SR-IOV)
Try typing  <return>  to proceed.
If that doesn't work, type  X <return>  to quit.


chapters/compute_and_load_balancing.tex:156: LaTeX Error: Something's wrong--pe
rhaps a missing \item.

See the LaTeX manual or LaTeX Companion for explanation.
Type  H <return>  for immediate help.
 ...                                              
                                                  
l.156     \item E
                 C2 Enhanced Networking (SR-IOV)
Try typing  <return>  to proceed.
If that doesn't work, type  X <return>  to quit.


chapters/compute_and_load_balancing.tex:157: LaTeX Error: Something's wrong--pe
rhaps a missing \item.

See the LaTeX manual or LaTeX Companion for explanation.
Type  H <return>  for immediate help.
 ...                                              
                                                  
l.157     \item H
                 igher Bandwidth, higher PPS (packet per second), lower latency

Try typing  <return>  to proceed.
If that doesn't work, type  X <return>  to quit.


chapters/compute_and_load_balancing.tex:157: LaTeX Error: Something's wrong--pe
rhaps a missing \item.

See the LaTeX manual or LaTeX Companion for explanation.
Type  H <return>  for immediate help.
 ...                                              
                                                  
l.157     \item H
                 igher Bandwidth, higher PPS (packet per second), lower latency

Try typing  <return>  to proceed.
If that doesn't work, type  X <return>  to quit.


chapters/compute_and_load_balancing.tex:157: LaTeX Error: Something's wrong--pe
rhaps a missing \item.

See the LaTeX manual or LaTeX Companion for explanation.
Type  H <return>  for immediate help.
 ...                                              
                                                  
l.157     \item H
                 igher Bandwidth, higher PPS (packet per second), lower latency

Try typing  <return>  to proceed.
If that doesn't work, type  X <return>  to quit.


chapters/compute_and_load_balancing.tex:158: LaTeX Error: Something's wrong--pe
rhaps a missing \item.

See the LaTeX manual or LaTeX Companion for explanation.
Type  H <return>  for immediate help.
 ...                                              
                                                  
l.158     \item O
                 ption 1: Elastic Network Adapted (ENA) up to 100 Gbps
Try typing  <return>  to proceed.
If that doesn't work, type  X <return>  to quit.


chapters/compute_and_load_balancing.tex:158: LaTeX Error: Something's wrong--pe
rhaps a missing \item.

See the LaTeX manual or LaTeX Companion for explanation.
Type  H <return>  for immediate help.
 ...                                              
                                                  
l.158     \item O
                 ption 1: Elastic Network Adapted (ENA) up to 100 Gbps
Try typing  <return>  to proceed.
If that doesn't work, type  X <return>  to quit.


chapters/compute_and_load_balancing.tex:158: LaTeX Error: Something's wrong--pe
rhaps a missing \item.

See the LaTeX manual or LaTeX Companion for explanation.
Type  H <return>  for immediate help.
 ...                                              
                                                  
l.158     \item O
                 ption 1: Elastic Network Adapted (ENA) up to 100 Gbps
Try typing  <return>  to proceed.
If that doesn't work, type  X <return>  to quit.


chapters/compute_and_load_balancing.tex:159: LaTeX Error: Something's wrong--pe
rhaps a missing \item.

See the LaTeX manual or LaTeX Companion for explanation.
Type  H <return>  for immediate help.
 ...                                              
                                                  
l.159     \item O
                 ption 2: Intel 82599 up to 10Gbps - Legacy
Try typing  <return>  to proceed.
If that doesn't work, type  X <return>  to quit.


chapters/compute_and_load_balancing.tex:159: LaTeX Error: Something's wrong--pe
rhaps a missing \item.

See the LaTeX manual or LaTeX Companion for explanation.
Type  H <return>  for immediate help.
 ...                                              
                                                  
l.159     \item O
                 ption 2: Intel 82599 up to 10Gbps - Legacy
Try typing  <return>  to proceed.
If that doesn't work, type  X <return>  to quit.


chapters/compute_and_load_balancing.tex:159: LaTeX Error: Something's wrong--pe
rhaps a missing \item.

See the LaTeX manual or LaTeX Companion for explanation.
Type  H <return>  for immediate help.
 ...                                              
                                                  
l.159     \item O
                 ption 2: Intel 82599 up to 10Gbps - Legacy
Try typing  <return>  to proceed.
If that doesn't work, type  X <return>  to quit.


chapters/compute_and_load_balancing.tex:160: LaTeX Error: Something's wrong--pe
rhaps a missing \item.

See the LaTeX manual or LaTeX Companion for explanation.
Type  H <return>  for immediate help.
 ...                                              
                                                  
l.160     \item E
                 lastic Fabric Adapter (EFA)
Try typing  <return>  to proceed.
If that doesn't work, type  X <return>  to quit.


chapters/compute_and_load_balancing.tex:160: LaTeX Error: Something's wrong--pe
rhaps a missing \item.

See the LaTeX manual or LaTeX Companion for explanation.
Type  H <return>  for immediate help.
 ...                                              
                                                  
l.160     \item E
                 lastic Fabric Adapter (EFA)
Try typing  <return>  to proceed.
If that doesn't work, type  X <return>  to quit.


chapters/compute_and_load_balancing.tex:160: LaTeX Error: Something's wrong--pe
rhaps a missing \item.

See the LaTeX manual or LaTeX Companion for explanation.
Type  H <return>  for immediate help.
 ...                                              
                                                  
l.160     \item E
                 lastic Fabric Adapter (EFA)
Try typing  <return>  to proceed.
If that doesn't work, type  X <return>  to quit.


chapters/compute_and_load_balancing.tex:161: LaTeX Error: Something's wrong--pe
rhaps a missing \item.

See the LaTeX manual or LaTeX Companion for explanation.
Type  H <return>  for immediate help.
 ...                                              
                                                  
l.161     \item I
                 mproved ENA for HPC only works for Linux
Try typing  <return>  to proceed.
If that doesn't work, type  X <return>  to quit.


chapters/compute_and_load_balancing.tex:161: LaTeX Error: Something's wrong--pe
rhaps a missing \item.

See the LaTeX manual or LaTeX Companion for explanation.
Type  H <return>  for immediate help.
 ...                                              
                                                  
l.161     \item I
                 mproved ENA for HPC only works for Linux
Try typing  <return>  to proceed.
If that doesn't work, type  X <return>  to quit.


chapters/compute_and_load_balancing.tex:161: LaTeX Error: Something's wrong--pe
rhaps a missing \item.

See the LaTeX manual or LaTeX Companion for explanation.
Type  H <return>  for immediate help.
 ...                                              
                                                  
l.161     \item I
                 mproved ENA for HPC only works for Linux
Try typing  <return>  to proceed.
If that doesn't work, type  X <return>  to quit.


chapters/compute_and_load_balancing.tex:162: LaTeX Error: Something's wrong--pe
rhaps a missing \item.

See the LaTeX manual or LaTeX Companion for explanation.
Type  H <return>  for immediate help.
 ...                                              
                                                  
l.162     \item G
                 reat for inter-node communications, tightly coupled workloads
Try typing  <return>  to proceed.
If that doesn't work, type  X <return>  to quit.


chapters/compute_and_load_balancing.tex:162: LaTeX Error: Something's wrong--pe
rhaps a missing \item.

See the LaTeX manual or LaTeX Companion for explanation.
Type  H <return>  for immediate help.
 ...                                              
                                                  
l.162     \item G
                 reat for inter-node communications, tightly coupled workloads
Try typing  <return>  to proceed.
If that doesn't work, type  X <return>  to quit.


chapters/compute_and_load_balancing.tex:162: LaTeX Error: Something's wrong--pe
rhaps a missing \item.

See the LaTeX manual or LaTeX Companion for explanation.
Type  H <return>  for immediate help.
 ...                                              
                                                  
l.162     \item G
                 reat for inter-node communications, tightly coupled workloads
Try typing  <return>  to proceed.
If that doesn't work, type  X <return>  to quit.


chapters/compute_and_load_balancing.tex:163: LaTeX Error: Something's wrong--pe
rhaps a missing \item.

See the LaTeX manual or LaTeX Companion for explanation.
Type  H <return>  for immediate help.
 ...                                              
                                                  
l.163     \item L
                 everages Message Passing interface (MPI) standard
Try typing  <return>  to proceed.
If that doesn't work, type  X <return>  to quit.


chapters/compute_and_load_balancing.tex:163: LaTeX Error: Something's wrong--pe
rhaps a missing \item.

See the LaTeX manual or LaTeX Companion for explanation.
Type  H <return>  for immediate help.
 ...                                              
                                                  
l.163     \item L
                 everages Message Passing interface (MPI) standard
Try typing  <return>  to proceed.
If that doesn't work, type  X <return>  to quit.


chapters/compute_and_load_balancing.tex:163: LaTeX Error: Something's wrong--pe
rhaps a missing \item.

See the LaTeX manual or LaTeX Companion for explanation.
Type  H <return>  for immediate help.
 ...                                              
                                                  
l.163     \item L
                 everages Message Passing interface (MPI) standard
Try typing  <return>  to proceed.
If that doesn't work, type  X <return>  to quit.


chapters/compute_and_load_balancing.tex:164: LaTeX Error: Something's wrong--pe
rhaps a missing \item.

See the LaTeX manual or LaTeX Companion for explanation.
Type  H <return>  for immediate help.
 ...                                              
                                                  
l.164     \item B
                 ypasses the underlying Linux OS to provide low-latency reli...

Try typing  <return>  to proceed.
If that doesn't work, type  X <return>  to quit.


chapters/compute_and_load_balancing.tex:164: LaTeX Error: Something's wrong--pe
rhaps a missing \item.

See the LaTeX manual or LaTeX Companion for explanation.
Type  H <return>  for immediate help.
 ...                                              
                                                  
l.164     \item B
                 ypasses the underlying Linux OS to provide low-latency reli...

Try typing  <return>  to proceed.
If that doesn't work, type  X <return>  to quit.


chapters/compute_and_load_balancing.tex:164: LaTeX Error: Something's wrong--pe
rhaps a missing \item.

See the LaTeX manual or LaTeX Companion for explanation.
Type  H <return>  for immediate help.
 ...                                              
                                                  
l.164     \item B
                 ypasses the underlying Linux OS to provide low-latency reli...

Try typing  <return>  to proceed.
If that doesn't work, type  X <return>  to quit.


chapters/compute_and_load_balancing.tex:165: LaTeX Error: Something's wrong--pe
rhaps a missing \item.

See the LaTeX manual or LaTeX Companion for explanation.
Type  H <return>  for immediate help.
 ...                                              
                                                  
l.165 \end{itemize}
                   
Try typing  <return>  to proceed.
If that doesn't work, type  X <return>  to quit.


Package fancyhdr Warning: \headheight is too small (12.0pt): 
(fancyhdr)                Make it at least 13.59999pt, for example:
(fancyhdr)                \setlength{\headheight}{13.59999pt}.
(fancyhdr)                You might also make \topmargin smaller to compensate:

(fancyhdr)                \addtolength{\topmargin}{-1.59999pt}.

[65]

Package fancyhdr Warning: \headheight is too small (12.0pt): 
(fancyhdr)                Make it at least 13.59999pt, for example:
(fancyhdr)                \setlength{\headheight}{13.59999pt}.
(fancyhdr)                You might also make \topmargin smaller to compensate:

(fancyhdr)                \addtolength{\topmargin}{-1.59999pt}.

[66]

Package fancyhdr Warning: \headheight is too small (12.0pt): 
(fancyhdr)                Make it at least 13.59999pt, for example:
(fancyhdr)                \setlength{\headheight}{13.59999pt}.
(fancyhdr)                You might also make \topmargin smaller to compensate:

(fancyhdr)                \addtolength{\topmargin}{-1.59999pt}.

[67]

Package fancyhdr Warning: \headheight is too small (12.0pt): 
(fancyhdr)                Make it at least 13.59999pt, for example:
(fancyhdr)                \setlength{\headheight}{13.59999pt}.
(fancyhdr)                You might also make \topmargin smaller to compensate:

(fancyhdr)                \addtolength{\topmargin}{-1.59999pt}.

[68]

Package fancyhdr Warning: \headheight is too small (12.0pt): 
(fancyhdr)                Make it at least 13.59999pt, for example:
(fancyhdr)                \setlength{\headheight}{13.59999pt}.
(fancyhdr)                You might also make \topmargin smaller to compensate:

(fancyhdr)                \addtolength{\topmargin}{-1.59999pt}.

[69]
Overfull \hbox (3.47621pt too wide) in paragraph at lines 479--491
\OT1/phv/m/n/10.95 Amazon ECS Any-where - Eas-ily run con-tain-ers on Customer-
managed in-fras-truc-ture (on-premises,
 []


Package fancyhdr Warning: \headheight is too small (12.0pt): 
(fancyhdr)                Make it at least 13.59999pt, for example:
(fancyhdr)                \setlength{\headheight}{13.59999pt}.
(fancyhdr)                You might also make \topmargin smaller to compensate:

(fancyhdr)                \addtolength{\topmargin}{-1.59999pt}.

[70]
chapters/compute_and_load_balancing.tex:523: You can't use `macro parameter cha
racter #' in horizontal mode.
l.523 - C#
           (.NET Core) / Powershell
Sorry, but I'm not programmed to handle this case;
I'll just pretend that you didn't ask for it.
If you're in the wrong mode, you might be able to
return to the right one by typing `I}' or `I$' or `I\par'.


Package fancyhdr Warning: \headheight is too small (12.0pt): 
(fancyhdr)                Make it at least 13.59999pt, for example:
(fancyhdr)                \setlength{\headheight}{13.59999pt}.
(fancyhdr)                You might also make \topmargin smaller to compensate:

(fancyhdr)                \addtolength{\topmargin}{-1.59999pt}.

[71]

Package fancyhdr Warning: \headheight is too small (12.0pt): 
(fancyhdr)                Make it at least 13.59999pt, for example:
(fancyhdr)                \setlength{\headheight}{13.59999pt}.
(fancyhdr)                You might also make \topmargin smaller to compensate:

(fancyhdr)                \addtolength{\topmargin}{-1.59999pt}.

[72]

Package fancyhdr Warning: \headheight is too small (12.0pt): 
(fancyhdr)                Make it at least 13.59999pt, for example:
(fancyhdr)                \setlength{\headheight}{13.59999pt}.
(fancyhdr)                You might also make \topmargin smaller to compensate:

(fancyhdr)                \addtolength{\topmargin}{-1.59999pt}.

[73]
chapters/compute_and_load_balancing.tex:814: Missing $ inserted.
<inserted text> 
                $
l.814 - IAM based access (AWS_
                              IAM)
I've inserted a begin-math/end-math symbol since I think
you left one out. Proceed, with fingers crossed.

chapters/compute_and_load_balancing.tex:823: Missing $ inserted.
<inserted text> 
                $
l.823 
      
I've inserted a begin-math/end-math symbol since I think
you left one out. Proceed, with fingers crossed.


Overfull \hbox (106.79376pt too wide) in paragraph at lines 812--823
[]\OT1/phv/m/n/10.95 API Gate-way - Au-then-ti-ca-tion - IAM based ac-cess (AWS
$[]\OML/cmm/m/it/10.95 AM\OT1/cmr/m/n/10.95 ) \OMS/cmsy/m/n/10.95   \OML/cmm/m/
it/10.95 Goodforprovidingaccesswithinyourinfrastructure \OMS/cmsy/m/n/10.95  
 []


Overfull \hbox (17.9569pt too wide) in paragraph at lines 812--823
\OML/cmm/m/it/10.95 PassIAMcredentialinheadersthroughSigV\OT1/cmr/m/n/10.95 4 \
OMS/cmsy/m/n/10.95   \OML/cmm/m/it/10.95 LambdaAuthoriser\OT1/cmr/m/n/10.95 (\O
ML/cmm/m/it/10.95 formerlyCustomerAuthoriser\OT1/cmr/m/n/10.95 ) \OMS/cmsy/m/n/
10.95  
 []


Overfull \hbox (149.57808pt too wide) in paragraph at lines 812--823
\OML/cmm/m/it/10.95 UseLambdatoverfifyacustomOAuth=SAML=thridpartyauthenticatio
n \OMS/cmsy/m/n/10.95   \OML/cmm/m/it/10.95 Cognitouserpools \OMS/cmsy/m/n/10.9
5   \OML/cmm/m/it/10.95 ClientauthenticateswithCognito \OMS/cmsy/m/n/10.95  
 []


Overfull \hbox (8.1331pt too wide) in paragraph at lines 812--823
\OML/cmm/m/it/10.95 ClientpassesthetokentotheAPIGateway \OMS/cmsy/m/n/10.95   \
OML/cmm/m/it/10.95 APIGatewayknowout \OMS/cmsy/m/n/10.95   \OML/cmm/m/it/10.95 
of \OMS/cmsy/m/n/10.95   \OML/cmm/m/it/10.95 the \OMS/cmsy/m/n/10.95   \OML/cmm
/m/it/10.95 boxhowtoverifytotoken$ 
 []


Package fancyhdr Warning: \headheight is too small (12.0pt): 
(fancyhdr)                Make it at least 13.59999pt, for example:
(fancyhdr)                \setlength{\headheight}{13.59999pt}.
(fancyhdr)                You might also make \topmargin smaller to compensate:

(fancyhdr)                \addtolength{\topmargin}{-1.59999pt}.

[74]

Package fancyhdr Warning: \headheight is too small (12.0pt): 
(fancyhdr)                Make it at least 13.59999pt, for example:
(fancyhdr)                \setlength{\headheight}{13.59999pt}.
(fancyhdr)                You might also make \topmargin smaller to compensate:

(fancyhdr)                \addtolength{\topmargin}{-1.59999pt}.

[75]

Package fancyhdr Warning: \headheight is too small (12.0pt): 
(fancyhdr)                Make it at least 13.59999pt, for example:
(fancyhdr)                \setlength{\headheight}{13.59999pt}.
(fancyhdr)                You might also make \topmargin smaller to compensate:

(fancyhdr)                \addtolength{\topmargin}{-1.59999pt}.

[76]

Package fancyhdr Warning: \headheight is too small (12.0pt): 
(fancyhdr)                Make it at least 13.59999pt, for example:
(fancyhdr)                \setlength{\headheight}{13.59999pt}.
(fancyhdr)                You might also make \topmargin smaller to compensate:

(fancyhdr)                \addtolength{\topmargin}{-1.59999pt}.

[77]

Package fancyhdr Warning: \headheight is too small (12.0pt): 
(fancyhdr)                Make it at least 13.59999pt, for example:
(fancyhdr)                \setlength{\headheight}{13.59999pt}.
(fancyhdr)                You might also make \topmargin smaller to compensate:

(fancyhdr)                \addtolength{\topmargin}{-1.59999pt}.

[78])

Package fancyhdr Warning: \headheight is too small (12.0pt): 
(fancyhdr)                Make it at least 13.59999pt, for example:
(fancyhdr)                \setlength{\headheight}{13.59999pt}.
(fancyhdr)                You might also make \topmargin smaller to compensate:

(fancyhdr)                \addtolength{\topmargin}{-1.59999pt}.

[79]

Package fancyhdr Warning: \headheight is too small (12.0pt): 
(fancyhdr)                Make it at least 13.59999pt, for example:
(fancyhdr)                \setlength{\headheight}{13.59999pt}.
(fancyhdr)                You might also make \topmargin smaller to compensate:

(fancyhdr)                \addtolength{\topmargin}{-1.59999pt}.

[80



]
Chapter 6.
[81]
\openout2 = `chapters/storage.aux'.

 (chapters/storage.tex

Package fancyhdr Warning: \headheight is too small (12.0pt): 
(fancyhdr)                Make it at least 13.59999pt, for example:
(fancyhdr)                \setlength{\headheight}{13.59999pt}.
(fancyhdr)                You might also make \topmargin smaller to compensate:

(fancyhdr)                \addtolength{\topmargin}{-1.59999pt}.

[82

]

Package fancyhdr Warning: \headheight is too small (12.0pt): 
(fancyhdr)                Make it at least 13.59999pt, for example:
(fancyhdr)                \setlength{\headheight}{13.59999pt}.
(fancyhdr)                You might also make \topmargin smaller to compensate:

(fancyhdr)                \addtolength{\topmargin}{-1.59999pt}.

[83]

Package fancyhdr Warning: \headheight is too small (12.0pt): 
(fancyhdr)                Make it at least 13.59999pt, for example:
(fancyhdr)                \setlength{\headheight}{13.59999pt}.
(fancyhdr)                You might also make \topmargin smaller to compensate:

(fancyhdr)                \addtolength{\topmargin}{-1.59999pt}.

[84]

Package fancyhdr Warning: \headheight is too small (12.0pt): 
(fancyhdr)                Make it at least 13.59999pt, for example:
(fancyhdr)                \setlength{\headheight}{13.59999pt}.
(fancyhdr)                You might also make \topmargin smaller to compensate:

(fancyhdr)                \addtolength{\topmargin}{-1.59999pt}.

[85]

Package fancyhdr Warning: \headheight is too small (12.0pt): 
(fancyhdr)                Make it at least 13.59999pt, for example:
(fancyhdr)                \setlength{\headheight}{13.59999pt}.
(fancyhdr)                You might also make \topmargin smaller to compensate:

(fancyhdr)                \addtolength{\topmargin}{-1.59999pt}.

[86]

Package fancyhdr Warning: \headheight is too small (12.0pt): 
(fancyhdr)                Make it at least 13.59999pt, for example:
(fancyhdr)                \setlength{\headheight}{13.59999pt}.
(fancyhdr)                You might also make \topmargin smaller to compensate:

(fancyhdr)                \addtolength{\topmargin}{-1.59999pt}.

[87]

Package fancyhdr Warning: \headheight is too small (12.0pt): 
(fancyhdr)                Make it at least 13.59999pt, for example:
(fancyhdr)                \setlength{\headheight}{13.59999pt}.
(fancyhdr)                You might also make \topmargin smaller to compensate:

(fancyhdr)                \addtolength{\topmargin}{-1.59999pt}.

[88]
Overfull \hbox (15.24205pt too wide) in paragraph at lines 341--342
[]\OT1/phv/m/n/10.95 VersioningEnabledBucketCount, MFADele-teEn-abled-Buck-et-C
ount, SSEKM-SEn-abled-Buck-
 []


Package fancyhdr Warning: \headheight is too small (12.0pt): 
(fancyhdr)                Make it at least 13.59999pt, for example:
(fancyhdr)                \setlength{\headheight}{13.59999pt}.
(fancyhdr)                You might also make \topmargin smaller to compensate:

(fancyhdr)                \addtolength{\topmargin}{-1.59999pt}.

[89]

Package fancyhdr Warning: \headheight is too small (12.0pt): 
(fancyhdr)                Make it at least 13.59999pt, for example:
(fancyhdr)                \setlength{\headheight}{13.59999pt}.
(fancyhdr)                You might also make \topmargin smaller to compensate:

(fancyhdr)                \addtolength{\topmargin}{-1.59999pt}.

[90]

Package fancyhdr Warning: \headheight is too small (12.0pt): 
(fancyhdr)                Make it at least 13.59999pt, for example:
(fancyhdr)                \setlength{\headheight}{13.59999pt}.
(fancyhdr)                You might also make \topmargin smaller to compensate:

(fancyhdr)                \addtolength{\topmargin}{-1.59999pt}.

[91]

Package fancyhdr Warning: \headheight is too small (12.0pt): 
(fancyhdr)                Make it at least 13.59999pt, for example:
(fancyhdr)                \setlength{\headheight}{13.59999pt}.
(fancyhdr)                You might also make \topmargin smaller to compensate:

(fancyhdr)                \addtolength{\topmargin}{-1.59999pt}.

[92]

Package fancyhdr Warning: \headheight is too small (12.0pt): 
(fancyhdr)                Make it at least 13.59999pt, for example:
(fancyhdr)                \setlength{\headheight}{13.59999pt}.
(fancyhdr)                You might also make \topmargin smaller to compensate:

(fancyhdr)                \addtolength{\topmargin}{-1.59999pt}.

[93]

chapters/storage.tex:597: LaTeX Error: Lonely \item--perhaps a missing list env
ironment.

See the LaTeX manual or LaTeX Companion for explanation.
Type  H <return>  for immediate help.
 ...                                              
                                                  
l.597 \item A
              fully-managed service for file transfers into and out of Amazo...

Try typing  <return>  to proceed.
If that doesn't work, type  X <return>  to quit.


Underfull \hbox (badness 10000) detected at line 597
[][]
 []


chapters/storage.tex:598: LaTeX Error: Lonely \item--perhaps a missing list env
ironment.

See the LaTeX manual or LaTeX Companion for explanation.
Type  H <return>  for immediate help.
 ...                                              
                                                  
l.598 \item S
             upported Protocols
Try typing  <return>  to proceed.
If that doesn't work, type  X <return>  to quit.


Underfull \hbox (badness 10000) detected at line 598
[][]
 []


chapters/storage.tex:604: LaTeX Error: Lonely \item--perhaps a missing list env
ironment.

See the LaTeX manual or LaTeX Companion for explanation.
Type  H <return>  for immediate help.
 ...                                              
                                                  
l.604 \item M
             anaged infrastructure, Scalable, Reliable, Highly Available (mu...

Try typing  <return>  to proceed.
If that doesn't work, type  X <return>  to quit.


Underfull \hbox (badness 10000) detected at line 604
[][]
 []


chapters/storage.tex:605: LaTeX Error: Lonely \item--perhaps a missing list env
ironment.

See the LaTeX manual or LaTeX Companion for explanation.
Type  H <return>  for immediate help.
 ...                                              
                                                  
l.605 \item P
             ay per provisioned endpoint per hour + data transfers in GB
Try typing  <return>  to proceed.
If that doesn't work, type  X <return>  to quit.


Underfull \hbox (badness 10000) detected at line 605
[][]
 []


Package fancyhdr Warning: \headheight is too small (12.0pt): 
(fancyhdr)                Make it at least 13.59999pt, for example:
(fancyhdr)                \setlength{\headheight}{13.59999pt}.
(fancyhdr)                You might also make \topmargin smaller to compensate:

(fancyhdr)                \addtolength{\topmargin}{-1.59999pt}.

[94]

chapters/storage.tex:606: LaTeX Error: Lonely \item--perhaps a missing list env
ironment.

See the LaTeX manual or LaTeX Companion for explanation.
Type  H <return>  for immediate help.
 ...                                              
                                                  
l.606 \item S
             tore and manage users' credentials within the service
Try typing  <return>  to proceed.
If that doesn't work, type  X <return>  to quit.


Underfull \hbox (badness 10000) detected at line 606
[][]
 []


chapters/storage.tex:607: LaTeX Error: Lonely \item--perhaps a missing list env
ironment.

See the LaTeX manual or LaTeX Companion for explanation.
Type  H <return>  for immediate help.
 ...                                              
                                                  
l.607 \item I
             ntegrate with existing authentication systems (Microsoft Active...

Try typing  <return>  to proceed.
If that doesn't work, type  X <return>  to quit.


Underfull \hbox (badness 10000) detected at line 607
[][]
 []


chapters/storage.tex:608: LaTeX Error: Lonely \item--perhaps a missing list env
ironment.

See the LaTeX manual or LaTeX Companion for explanation.
Type  H <return>  for immediate help.
 ...                                              
                                                  
l.608 \item U
             sage: sharing files, public datasets, CRM, ERP,.....
Try typing  <return>  to proceed.
If that doesn't work, type  X <return>  to quit.


Underfull \hbox (badness 10000) detected at line 608
[][]
 []

)

Package fancyhdr Warning: \headheight is too small (12.0pt): 
(fancyhdr)                Make it at least 13.59999pt, for example:
(fancyhdr)                \setlength{\headheight}{13.59999pt}.
(fancyhdr)                You might also make \topmargin smaller to compensate:

(fancyhdr)                \addtolength{\topmargin}{-1.59999pt}.

[95]

Package fancyhdr Warning: \headheight is too small (12.0pt): 
(fancyhdr)                Make it at least 13.59999pt, for example:
(fancyhdr)                \setlength{\headheight}{13.59999pt}.
(fancyhdr)                You might also make \topmargin smaller to compensate:

(fancyhdr)                \addtolength{\topmargin}{-1.59999pt}.

[96



]
Chapter 7.
[97]
\openout2 = `chapters/caching.aux'.

 (chapters/caching.tex

Package fancyhdr Warning: \headheight is too small (12.0pt): 
(fancyhdr)                Make it at least 13.59999pt, for example:
(fancyhdr)                \setlength{\headheight}{13.59999pt}.
(fancyhdr)                You might also make \topmargin smaller to compensate:

(fancyhdr)                \addtolength{\topmargin}{-1.59999pt}.

[98

]

Package fancyhdr Warning: \headheight is too small (12.0pt): 
(fancyhdr)                Make it at least 13.59999pt, for example:
(fancyhdr)                \setlength{\headheight}{13.59999pt}.
(fancyhdr)                You might also make \topmargin smaller to compensate:

(fancyhdr)                \addtolength{\topmargin}{-1.59999pt}.

[99]

chapters/caching.tex:140: LaTeX Error: Lonely \item--perhaps a missing list env
ironment.

See the LaTeX manual or LaTeX Companion for explanation.
Type  H <return>  for immediate help.
 ...                                              
                                                  
l.140 \item R
             eturn an object to the viewer (e.g html) when your origin retur...

Try typing  <return>  to proceed.
If that doesn't work, type  X <return>  to quit.


Underfull \hbox (badness 10000) detected at line 140
[][]
 []


Package fancyhdr Warning: \headheight is too small (12.0pt): 
(fancyhdr)                Make it at least 13.59999pt, for example:
(fancyhdr)                \setlength{\headheight}{13.59999pt}.
(fancyhdr)                You might also make \topmargin smaller to compensate:

(fancyhdr)                \addtolength{\topmargin}{-1.59999pt}.

[100]

chapters/caching.tex:141: LaTeX Error: Lonely \item--perhaps a missing list env
ironment.

See the LaTeX manual or LaTeX Companion for explanation.
Type  H <return>  for immediate help.
 ...                                              
                                                  
l.141 \item U
             se Error Caching Minimum TTL to specify how long CloudFront cac...

Try typing  <return>  to proceed.
If that doesn't work, type  X <return>  to quit.


Underfull \hbox (badness 10000) detected at line 141
[][]
 []

chapters/caching.tex:174: Undefined control sequence.
l.174     \item For high\itemscale
                                   latency-sensitive CDN customisation
The control sequence at the end of the top line
of your error message was never \def'ed. If you have
misspelled it (e.g., `\hobx'), type `I' and the correct
spelling (e.g., `I\hbox'). Otherwise just continue,
and I'll forget about whatever was undefined.


Package fancyhdr Warning: \headheight is too small (12.0pt): 
(fancyhdr)                Make it at least 13.59999pt, for example:
(fancyhdr)                \setlength{\headheight}{13.59999pt}.
(fancyhdr)                You might also make \topmargin smaller to compensate:

(fancyhdr)                \addtolength{\topmargin}{-1.59999pt}.

[101]

Package fancyhdr Warning: \headheight is too small (12.0pt): 
(fancyhdr)                Make it at least 13.59999pt, for example:
(fancyhdr)                \setlength{\headheight}{13.59999pt}.
(fancyhdr)                You might also make \topmargin smaller to compensate:

(fancyhdr)                \addtolength{\topmargin}{-1.59999pt}.

[102]

Package fancyhdr Warning: \headheight is too small (12.0pt): 
(fancyhdr)                Make it at least 13.59999pt, for example:
(fancyhdr)                \setlength{\headheight}{13.59999pt}.
(fancyhdr)                You might also make \topmargin smaller to compensate:

(fancyhdr)                \addtolength{\topmargin}{-1.59999pt}.

[103])

Package fancyhdr Warning: \headheight is too small (12.0pt): 
(fancyhdr)                Make it at least 13.59999pt, for example:
(fancyhdr)                \setlength{\headheight}{13.59999pt}.
(fancyhdr)                You might also make \topmargin smaller to compensate:

(fancyhdr)                \addtolength{\topmargin}{-1.59999pt}.

[104]
Chapter 8.
[105



]
\openout2 = `chapters/databases.aux'.

 (chapters/databases.tex
chapters/databases.tex:37: Missing $ inserted.
<inserted text> 
                $
l.37     \item Example: user_
                             id for a users table
I've inserted a begin-math/end-math symbol since I think
you left one out. Proceed, with fingers crossed.


chapters/databases.tex:38: LaTeX Error: Command \end{itemize} invalid in math m
ode.

See the LaTeX manual or LaTeX Companion for explanation.
Type  H <return>  for immediate help.
 ...                                              
                                                  
l.38 \end{itemize}
                  
Try typing  <return>  to proceed.
If that doesn't work, type  X <return>  to quit.


chapters/databases.tex:38: LaTeX Error: Something's wrong--perhaps a missing \i
tem.

See the LaTeX manual or LaTeX Companion for explanation.
Type  H <return>  for immediate help.
 ...                                              
                                                  
l.38 \end{itemize}
                  
Try typing  <return>  to proceed.
If that doesn't work, type  X <return>  to quit.


chapters/databases.tex:38: LaTeX Error: Something's wrong--perhaps a missing \i
tem.

See the LaTeX manual or LaTeX Companion for explanation.
Type  H <return>  for immediate help.
 ...                                              
                                                  
l.38 \end{itemize}
                  
Try typing  <return>  to proceed.
If that doesn't work, type  X <return>  to quit.

chapters/databases.tex:38: Missing $ inserted.
<inserted text> 
                $
l.38 \end{itemize}
                  
I've inserted something that you may have forgotten.
(See the <inserted text> above.)
With luck, this will get me unwedged. But if you
really didn't forget anything, try typing `2' now; then
my insertion and my current dilemma will both disappear.


Package fancyhdr Warning: \headheight is too small (12.0pt): 
(fancyhdr)                Make it at least 13.59999pt, for example:
(fancyhdr)                \setlength{\headheight}{13.59999pt}.
(fancyhdr)                You might also make \topmargin smaller to compensate:

(fancyhdr)                \addtolength{\topmargin}{-1.59999pt}.

[106

]
chapters/databases.tex:48: Missing $ inserted.
<inserted text> 
                $
l.48     \item user_
                    id for the partition key
I've inserted a begin-math/end-math symbol since I think
you left one out. Proceed, with fingers crossed.


chapters/databases.tex:49: LaTeX Error: Command \item invalid in math mode.

See the LaTeX manual or LaTeX Companion for explanation.
Type  H <return>  for immediate help.
 ...                                              
                                                  
l.49     \item
               game_id for the sort key
Try typing  <return>  to proceed.
If that doesn't work, type  X <return>  to quit.


chapters/databases.tex:49: LaTeX Error: Something's wrong--perhaps a missing \i
tem.

See the LaTeX manual or LaTeX Companion for explanation.
Type  H <return>  for immediate help.
 ...                                              
                                                  
l.49     \item g
                ame_id for the sort key
Try typing  <return>  to proceed.
If that doesn't work, type  X <return>  to quit.


chapters/databases.tex:49: LaTeX Error: Something's wrong--perhaps a missing \i
tem.

See the LaTeX manual or LaTeX Companion for explanation.
Type  H <return>  for immediate help.
 ...                                              
                                                  
l.49     \item g
                ame_id for the sort key
Try typing  <return>  to proceed.
If that doesn't work, type  X <return>  to quit.


chapters/databases.tex:50: LaTeX Error: Command \end{itemize} invalid in math m
ode.

See the LaTeX manual or LaTeX Companion for explanation.
Type  H <return>  for immediate help.
 ...                                              
                                                  
l.50 \end{itemize}
                  
Try typing  <return>  to proceed.
If that doesn't work, type  X <return>  to quit.


chapters/databases.tex:50: LaTeX Error: Something's wrong--perhaps a missing \i
tem.

See the LaTeX manual or LaTeX Companion for explanation.
Type  H <return>  for immediate help.
 ...                                              
                                                  
l.50 \end{itemize}
                  
Try typing  <return>  to proceed.
If that doesn't work, type  X <return>  to quit.


chapters/databases.tex:50: LaTeX Error: Something's wrong--perhaps a missing \i
tem.

See the LaTeX manual or LaTeX Companion for explanation.
Type  H <return>  for immediate help.
 ...                                              
                                                  
l.50 \end{itemize}
                  
Try typing  <return>  to proceed.
If that doesn't work, type  X <return>  to quit.

chapters/databases.tex:50: Missing $ inserted.
<inserted text> 
                $
l.50 \end{itemize}
                  
I've inserted something that you may have forgotten.
(See the <inserted text> above.)
With luck, this will get me unwedged. But if you
really didn't forget anything, try typing `2' now; then
my insertion and my current dilemma will both disappear.


chapters/databases.tex:52: LaTeX Error: Lonely \item--perhaps a missing list en
vironment.

See the LaTeX manual or LaTeX Companion for explanation.
Type  H <return>  for immediate help.
 ...                                              
                                                  
l.52 \item \textbf
                  {Example good sort key: timestamp}
Try typing  <return>  to proceed.
If that doesn't work, type  X <return>  to quit.


Underfull \hbox (badness 10000) detected at line 52
[][]
 []

chapters/databases.tex:64: Missing $ inserted.
<inserted text> 
                $
l.64 ...ey on the main table and indexes \neq RDS}
                                                  
I've inserted a begin-math/end-math symbol since I think
you left one out. Proceed, with fingers crossed.

chapters/databases.tex:64: Extra }, or forgotten $.
<recently read> \egroup 
                        
l.64 ...ey on the main table and indexes \neq RDS}
                                                  
I've deleted a group-closing symbol because it seems to be
spurious, as in `$x}$'. But perhaps the } is legitimate and
you forgot something else, as in `\hbox{$x}'. In such cases
the way to recover is to insert both the forgotten and the
deleted material, e.g., by typing `I$}'.


chapters/databases.tex:65: LaTeX Error: Command \end{itemize} invalid in math m
ode.

See the LaTeX manual or LaTeX Companion for explanation.
Type  H <return>  for immediate help.
 ...                                              
                                                  
l.65 \end{itemize}
                  
Try typing  <return>  to proceed.
If that doesn't work, type  X <return>  to quit.


chapters/databases.tex:65: LaTeX Error: Something's wrong--perhaps a missing \i
tem.

See the LaTeX manual or LaTeX Companion for explanation.
Type  H <return>  for immediate help.
 ...                                              
                                                  
l.65 \end{itemize}
                  
Try typing  <return>  to proceed.
If that doesn't work, type  X <return>  to quit.


chapters/databases.tex:65: LaTeX Error: Something's wrong--perhaps a missing \i
tem.

See the LaTeX manual or LaTeX Companion for explanation.
Type  H <return>  for immediate help.
 ...                                              
                                                  
l.65 \end{itemize}
                  
Try typing  <return>  to proceed.
If that doesn't work, type  X <return>  to quit.

chapters/databases.tex:65: Missing $ inserted.
<inserted text> 
                $
l.65 \end{itemize}
                  
I've inserted something that you may have forgotten.
(See the <inserted text> above.)
With luck, this will get me unwedged. But if you
really didn't forget anything, try typing `2' now; then
my insertion and my current dilemma will both disappear.

chapters/databases.tex:65: Missing } inserted.
<inserted text> 
                }
l.65 \end{itemize}
                  
I've inserted something that you may have forgotten.
(See the <inserted text> above.)
With luck, this will get me unwedged. But if you
really didn't forget anything, try typing `2' now; then
my insertion and my current dilemma will both disappear.


chapters/databases.tex:78: LaTeX Error: Something's wrong--perhaps a missing \i
tem.

See the LaTeX manual or LaTeX Companion for explanation.
Type  H <return>  for immediate help.
 ...                                              
                                                  
l.78     \item S
                earch by date
Try typing  <return>  to proceed.
If that doesn't work, type  X <return>  to quit.


chapters/databases.tex:78: LaTeX Error: Something's wrong--perhaps a missing \i
tem.

See the LaTeX manual or LaTeX Companion for explanation.
Type  H <return>  for immediate help.
 ...                                              
                                                  
l.78     \item S
                earch by date
Try typing  <return>  to proceed.
If that doesn't work, type  X <return>  to quit.


chapters/databases.tex:78: LaTeX Error: Something's wrong--perhaps a missing \i
tem.

See the LaTeX manual or LaTeX Companion for explanation.
Type  H <return>  for immediate help.
 ...                                              
                                                  
l.78     \item S
                earch by date
Try typing  <return>  to proceed.
If that doesn't work, type  X <return>  to quit.


chapters/databases.tex:79: LaTeX Error: Something's wrong--perhaps a missing \i
tem.

See the LaTeX manual or LaTeX Companion for explanation.
Type  H <return>  for immediate help.
 ...                                              
                                                  
l.79     \item T
                otal storage used by a customer
Try typing  <return>  to proceed.
If that doesn't work, type  X <return>  to quit.


chapters/databases.tex:79: LaTeX Error: Something's wrong--perhaps a missing \i
tem.

See the LaTeX manual or LaTeX Companion for explanation.
Type  H <return>  for immediate help.
 ...                                              
                                                  
l.79     \item T
                otal storage used by a customer
Try typing  <return>  to proceed.
If that doesn't work, type  X <return>  to quit.


chapters/databases.tex:79: LaTeX Error: Something's wrong--perhaps a missing \i
tem.

See the LaTeX manual or LaTeX Companion for explanation.
Type  H <return>  for immediate help.
 ...                                              
                                                  
l.79     \item T
                otal storage used by a customer
Try typing  <return>  to proceed.
If that doesn't work, type  X <return>  to quit.


chapters/databases.tex:80: LaTeX Error: Something's wrong--perhaps a missing \i
tem.

See the LaTeX manual or LaTeX Companion for explanation.
Type  H <return>  for immediate help.
 ...                                              
                                                  
l.80     \item L
                ist of all object with certain attributes
Try typing  <return>  to proceed.
If that doesn't work, type  X <return>  to quit.


chapters/databases.tex:80: LaTeX Error: Something's wrong--perhaps a missing \i
tem.

See the LaTeX manual or LaTeX Companion for explanation.
Type  H <return>  for immediate help.
 ...                                              
                                                  
l.80     \item L
                ist of all object with certain attributes
Try typing  <return>  to proceed.
If that doesn't work, type  X <return>  to quit.


chapters/databases.tex:80: LaTeX Error: Something's wrong--perhaps a missing \i
tem.

See the LaTeX manual or LaTeX Companion for explanation.
Type  H <return>  for immediate help.
 ...                                              
                                                  
l.80     \item L
                ist of all object with certain attributes
Try typing  <return>  to proceed.
If that doesn't work, type  X <return>  to quit.


chapters/databases.tex:81: LaTeX Error: Something's wrong--perhaps a missing \i
tem.

See the LaTeX manual or LaTeX Companion for explanation.
Type  H <return>  for immediate help.
 ...                                              
                                                  
l.81     \item F
                ind all objects uploaded within a date range
Try typing  <return>  to proceed.
If that doesn't work, type  X <return>  to quit.


chapters/databases.tex:81: LaTeX Error: Something's wrong--perhaps a missing \i
tem.

See the LaTeX manual or LaTeX Companion for explanation.
Type  H <return>  for immediate help.
 ...                                              
                                                  
l.81     \item F
                ind all objects uploaded within a date range
Try typing  <return>  to proceed.
If that doesn't work, type  X <return>  to quit.


chapters/databases.tex:81: LaTeX Error: Something's wrong--perhaps a missing \i
tem.

See the LaTeX manual or LaTeX Companion for explanation.
Type  H <return>  for immediate help.
 ...                                              
                                                  
l.81     \item F
                ind all objects uploaded within a date range
Try typing  <return>  to proceed.
If that doesn't work, type  X <return>  to quit.


chapters/databases.tex:82: LaTeX Error: Something's wrong--perhaps a missing \i
tem.

See the LaTeX manual or LaTeX Companion for explanation.
Type  H <return>  for immediate help.
 ...                                              
                                                  
l.82 \end{itemize}
                  
Try typing  <return>  to proceed.
If that doesn't work, type  X <return>  to quit.


Package fancyhdr Warning: \headheight is too small (12.0pt): 
(fancyhdr)                Make it at least 13.59999pt, for example:
(fancyhdr)                \setlength{\headheight}{13.59999pt}.
(fancyhdr)                You might also make \topmargin smaller to compensate:

(fancyhdr)                \addtolength{\topmargin}{-1.59999pt}.

[107]

Package fancyhdr Warning: \headheight is too small (12.0pt): 
(fancyhdr)                Make it at least 13.59999pt, for example:
(fancyhdr)                \setlength{\headheight}{13.59999pt}.
(fancyhdr)                You might also make \topmargin smaller to compensate:

(fancyhdr)                \addtolength{\topmargin}{-1.59999pt}.

[108]

Package fancyhdr Warning: \headheight is too small (12.0pt): 
(fancyhdr)                Make it at least 13.59999pt, for example:
(fancyhdr)                \setlength{\headheight}{13.59999pt}.
(fancyhdr)                You might also make \topmargin smaller to compensate:

(fancyhdr)                \addtolength{\topmargin}{-1.59999pt}.

[109]

Package fancyhdr Warning: \headheight is too small (12.0pt): 
(fancyhdr)                Make it at least 13.59999pt, for example:
(fancyhdr)                \setlength{\headheight}{13.59999pt}.
(fancyhdr)                You might also make \topmargin smaller to compensate:

(fancyhdr)                \addtolength{\topmargin}{-1.59999pt}.

[110]

Package fancyhdr Warning: \headheight is too small (12.0pt): 
(fancyhdr)                Make it at least 13.59999pt, for example:
(fancyhdr)                \setlength{\headheight}{13.59999pt}.
(fancyhdr)                You might also make \topmargin smaller to compensate:

(fancyhdr)                \addtolength{\topmargin}{-1.59999pt}.

[111]

Package fancyhdr Warning: \headheight is too small (12.0pt): 
(fancyhdr)                Make it at least 13.59999pt, for example:
(fancyhdr)                \setlength{\headheight}{13.59999pt}.
(fancyhdr)                You might also make \topmargin smaller to compensate:

(fancyhdr)                \addtolength{\topmargin}{-1.59999pt}.

[112]
chapters/databases.tex:309: Undefined control sequence.
l.309 ...ity to create an additional read\itemonly
                                                   endpoint that connects to...
The control sequence at the end of the top line
of your error message was never \def'ed. If you have
misspelled it (e.g., `\hobx'), type `I' and the correct
spelling (e.g., `I\hbox'). Otherwise just continue,
and I'll forget about whatever was undefined.

)

Package fancyhdr Warning: \headheight is too small (12.0pt): 
(fancyhdr)                Make it at least 13.59999pt, for example:
(fancyhdr)                \setlength{\headheight}{13.59999pt}.
(fancyhdr)                You might also make \topmargin smaller to compensate:

(fancyhdr)                \addtolength{\topmargin}{-1.59999pt}.

[113]

Package fancyhdr Warning: \headheight is too small (12.0pt): 
(fancyhdr)                Make it at least 13.59999pt, for example:
(fancyhdr)                \setlength{\headheight}{13.59999pt}.
(fancyhdr)                You might also make \topmargin smaller to compensate:

(fancyhdr)                \addtolength{\topmargin}{-1.59999pt}.

[114



]
Chapter 9.
[115]
\openout2 = `chapters/service_communication.aux'.

 (chapters/service_communication.tex
chapters/service_communication.tex:50: You can't use `macro parameter character
 #' in horizontal mode.
l.50 1#
       /sampleProjects
Sorry, but I'm not programmed to handle this case;
I'll just pretend that you didn't ask for it.
If you're in the wrong mode, you might be able to
return to the right one by typing `I}' or `I$' or `I\par'.


Package fancyhdr Warning: \headheight is too small (12.0pt): 
(fancyhdr)                Make it at least 13.59999pt, for example:
(fancyhdr)                \setlength{\headheight}{13.59999pt}.
(fancyhdr)                You might also make \topmargin smaller to compensate:

(fancyhdr)                \addtolength{\topmargin}{-1.59999pt}.

[116

]

Package fancyhdr Warning: \headheight is too small (12.0pt): 
(fancyhdr)                Make it at least 13.59999pt, for example:
(fancyhdr)                \setlength{\headheight}{13.59999pt}.
(fancyhdr)                You might also make \topmargin smaller to compensate:

(fancyhdr)                \addtolength{\topmargin}{-1.59999pt}.

[117]

Package fancyhdr Warning: \headheight is too small (12.0pt): 
(fancyhdr)                Make it at least 13.59999pt, for example:
(fancyhdr)                \setlength{\headheight}{13.59999pt}.
(fancyhdr)                You might also make \topmargin smaller to compensate:

(fancyhdr)                \addtolength{\topmargin}{-1.59999pt}.

[118]

chapters/service_communication.tex:178: LaTeX Error: Lonely \item--perhaps a mi
ssing list environment.

See the LaTeX manual or LaTeX Companion for explanation.
Type  H <return>  for immediate help.
 ...                                              
                                                  
l.178 \item D
             ecoupling
Try typing  <return>  to proceed.
If that doesn't work, type  X <return>  to quit.


Underfull \hbox (badness 10000) detected at line 178
[][]
 []


chapters/service_communication.tex:179: LaTeX Error: Lonely \item--perhaps a mi
ssing list environment.

See the LaTeX manual or LaTeX Companion for explanation.
Type  H <return>  for immediate help.
 ...                                              
                                                  
l.179 \item F
             ault Tolerance
Try typing  <return>  to proceed.
If that doesn't work, type  X <return>  to quit.


Underfull \hbox (badness 10000) detected at line 179
[][]
 []


chapters/service_communication.tex:180: LaTeX Error: Lonely \item--perhaps a mi
ssing list environment.

See the LaTeX manual or LaTeX Companion for explanation.
Type  H <return>  for immediate help.
 ...                                              
                                                  
l.180 \item L
             oad Balancing
Try typing  <return>  to proceed.
If that doesn't work, type  X <return>  to quit.


Underfull \hbox (badness 10000) detected at line 180
[][]
 []

chapters/service_communication.tex:186: Undefined control sequence.
l.186     \item SQS, SNS are "cloud\itemnative
                                              " services: proprietary protoc...
The control sequence at the end of the top line
of your error message was never \def'ed. If you have
misspelled it (e.g., `\hobx'), type `I' and the correct
spelling (e.g., `I\hbox'). Otherwise just continue,
and I'll forget about whatever was undefined.


Package fancyhdr Warning: \headheight is too small (12.0pt): 
(fancyhdr)                Make it at least 13.59999pt, for example:
(fancyhdr)                \setlength{\headheight}{13.59999pt}.
(fancyhdr)                You might also make \topmargin smaller to compensate:

(fancyhdr)                \addtolength{\topmargin}{-1.59999pt}.

[119]

Package fancyhdr Warning: \headheight is too small (12.0pt): 
(fancyhdr)                Make it at least 13.59999pt, for example:
(fancyhdr)                \setlength{\headheight}{13.59999pt}.
(fancyhdr)                You might also make \topmargin smaller to compensate:

(fancyhdr)                \addtolength{\topmargin}{-1.59999pt}.

[120]

Package fancyhdr Warning: \headheight is too small (12.0pt): 
(fancyhdr)                Make it at least 13.59999pt, for example:
(fancyhdr)                \setlength{\headheight}{13.59999pt}.
(fancyhdr)                You might also make \topmargin smaller to compensate:

(fancyhdr)                \addtolength{\topmargin}{-1.59999pt}.

[121])

Package fancyhdr Warning: \headheight is too small (12.0pt): 
(fancyhdr)                Make it at least 13.59999pt, for example:
(fancyhdr)                \setlength{\headheight}{13.59999pt}.
(fancyhdr)                You might also make \topmargin smaller to compensate:

(fancyhdr)                \addtolength{\topmargin}{-1.59999pt}.

[122]
Chapter 10.
[123



]
\openout2 = `chapters/data_engineering.aux'.

 (chapters/data_engineering.tex

Package fancyhdr Warning: \headheight is too small (12.0pt): 
(fancyhdr)                Make it at least 13.59999pt, for example:
(fancyhdr)                \setlength{\headheight}{13.59999pt}.
(fancyhdr)                You might also make \topmargin smaller to compensate:

(fancyhdr)                \addtolength{\topmargin}{-1.59999pt}.

[124

]

Package fancyhdr Warning: \headheight is too small (12.0pt): 
(fancyhdr)                Make it at least 13.59999pt, for example:
(fancyhdr)                \setlength{\headheight}{13.59999pt}.
(fancyhdr)                You might also make \topmargin smaller to compensate:

(fancyhdr)                \addtolength{\topmargin}{-1.59999pt}.

[125]

Package fancyhdr Warning: \headheight is too small (12.0pt): 
(fancyhdr)                Make it at least 13.59999pt, for example:
(fancyhdr)                \setlength{\headheight}{13.59999pt}.
(fancyhdr)                You might also make \topmargin smaller to compensate:

(fancyhdr)                \addtolength{\topmargin}{-1.59999pt}.

[126]

Package fancyhdr Warning: \headheight is too small (12.0pt): 
(fancyhdr)                Make it at least 13.59999pt, for example:
(fancyhdr)                \setlength{\headheight}{13.59999pt}.
(fancyhdr)                You might also make \topmargin smaller to compensate:

(fancyhdr)                \addtolength{\topmargin}{-1.59999pt}.

[127]

Package fancyhdr Warning: \headheight is too small (12.0pt): 
(fancyhdr)                Make it at least 13.59999pt, for example:
(fancyhdr)                \setlength{\headheight}{13.59999pt}.
(fancyhdr)                You might also make \topmargin smaller to compensate:

(fancyhdr)                \addtolength{\topmargin}{-1.59999pt}.

[128]

Package fancyhdr Warning: \headheight is too small (12.0pt): 
(fancyhdr)                Make it at least 13.59999pt, for example:
(fancyhdr)                \setlength{\headheight}{13.59999pt}.
(fancyhdr)                You might also make \topmargin smaller to compensate:

(fancyhdr)                \addtolength{\topmargin}{-1.59999pt}.

[129]

Package fancyhdr Warning: \headheight is too small (12.0pt): 
(fancyhdr)                Make it at least 13.59999pt, for example:
(fancyhdr)                \setlength{\headheight}{13.59999pt}.
(fancyhdr)                You might also make \topmargin smaller to compensate:

(fancyhdr)                \addtolength{\topmargin}{-1.59999pt}.

[130]

Package fancyhdr Warning: \headheight is too small (12.0pt): 
(fancyhdr)                Make it at least 13.59999pt, for example:
(fancyhdr)                \setlength{\headheight}{13.59999pt}.
(fancyhdr)                You might also make \topmargin smaller to compensate:

(fancyhdr)                \addtolength{\topmargin}{-1.59999pt}.

[131]

Package fancyhdr Warning: \headheight is too small (12.0pt): 
(fancyhdr)                Make it at least 13.59999pt, for example:
(fancyhdr)                \setlength{\headheight}{13.59999pt}.
(fancyhdr)                You might also make \topmargin smaller to compensate:

(fancyhdr)                \addtolength{\topmargin}{-1.59999pt}.

[132]

Package fancyhdr Warning: \headheight is too small (12.0pt): 
(fancyhdr)                Make it at least 13.59999pt, for example:
(fancyhdr)                \setlength{\headheight}{13.59999pt}.
(fancyhdr)                You might also make \topmargin smaller to compensate:

(fancyhdr)                \addtolength{\topmargin}{-1.59999pt}.

[133]

Package fancyhdr Warning: \headheight is too small (12.0pt): 
(fancyhdr)                Make it at least 13.59999pt, for example:
(fancyhdr)                \setlength{\headheight}{13.59999pt}.
(fancyhdr)                You might also make \topmargin smaller to compensate:

(fancyhdr)                \addtolength{\topmargin}{-1.59999pt}.

[134]

Package fancyhdr Warning: \headheight is too small (12.0pt): 
(fancyhdr)                Make it at least 13.59999pt, for example:
(fancyhdr)                \setlength{\headheight}{13.59999pt}.
(fancyhdr)                You might also make \topmargin smaller to compensate:

(fancyhdr)                \addtolength{\topmargin}{-1.59999pt}.

[135])

Package fancyhdr Warning: \headheight is too small (12.0pt): 
(fancyhdr)                Make it at least 13.59999pt, for example:
(fancyhdr)                \setlength{\headheight}{13.59999pt}.
(fancyhdr)                You might also make \topmargin smaller to compensate:

(fancyhdr)                \addtolength{\topmargin}{-1.59999pt}.

[136]
Chapter 11.
[137



]
\openout2 = `chapters/monitoring.aux'.

 (chapters/monitoring.tex

Package fancyhdr Warning: \headheight is too small (12.0pt): 
(fancyhdr)                Make it at least 13.59999pt, for example:
(fancyhdr)                \setlength{\headheight}{13.59999pt}.
(fancyhdr)                You might also make \topmargin smaller to compensate:

(fancyhdr)                \addtolength{\topmargin}{-1.59999pt}.

[138

]

Package fancyhdr Warning: \headheight is too small (12.0pt): 
(fancyhdr)                Make it at least 13.59999pt, for example:
(fancyhdr)                \setlength{\headheight}{13.59999pt}.
(fancyhdr)                You might also make \topmargin smaller to compensate:

(fancyhdr)                \addtolength{\topmargin}{-1.59999pt}.

[139]

Package fancyhdr Warning: \headheight is too small (12.0pt): 
(fancyhdr)                Make it at least 13.59999pt, for example:
(fancyhdr)                \setlength{\headheight}{13.59999pt}.
(fancyhdr)                You might also make \topmargin smaller to compensate:

(fancyhdr)                \addtolength{\topmargin}{-1.59999pt}.

[140]

Package fancyhdr Warning: \headheight is too small (12.0pt): 
(fancyhdr)                Make it at least 13.59999pt, for example:
(fancyhdr)                \setlength{\headheight}{13.59999pt}.
(fancyhdr)                You might also make \topmargin smaller to compensate:

(fancyhdr)                \addtolength{\topmargin}{-1.59999pt}.

[141])

Package fancyhdr Warning: \headheight is too small (12.0pt): 
(fancyhdr)                Make it at least 13.59999pt, for example:
(fancyhdr)                \setlength{\headheight}{13.59999pt}.
(fancyhdr)                You might also make \topmargin smaller to compensate:

(fancyhdr)                \addtolength{\topmargin}{-1.59999pt}.

[142]
Chapter 12.
[143



]
\openout2 = `chapters/deployment_and_instance_management.aux'.

 (chapters/deployment_and_instance_management.tex

Package fancyhdr Warning: \headheight is too small (12.0pt): 
(fancyhdr)                Make it at least 13.59999pt, for example:
(fancyhdr)                \setlength{\headheight}{13.59999pt}.
(fancyhdr)                You might also make \topmargin smaller to compensate:

(fancyhdr)                \addtolength{\topmargin}{-1.59999pt}.

[144

]

Package fancyhdr Warning: \headheight is too small (12.0pt): 
(fancyhdr)                Make it at least 13.59999pt, for example:
(fancyhdr)                \setlength{\headheight}{13.59999pt}.
(fancyhdr)                You might also make \topmargin smaller to compensate:

(fancyhdr)                \addtolength{\topmargin}{-1.59999pt}.

[145]

Package fancyhdr Warning: \headheight is too small (12.0pt): 
(fancyhdr)                Make it at least 13.59999pt, for example:
(fancyhdr)                \setlength{\headheight}{13.59999pt}.
(fancyhdr)                You might also make \topmargin smaller to compensate:

(fancyhdr)                \addtolength{\topmargin}{-1.59999pt}.

[146]

Package fancyhdr Warning: \headheight is too small (12.0pt): 
(fancyhdr)                Make it at least 13.59999pt, for example:
(fancyhdr)                \setlength{\headheight}{13.59999pt}.
(fancyhdr)                You might also make \topmargin smaller to compensate:

(fancyhdr)                \addtolength{\topmargin}{-1.59999pt}.

[147]

Package fancyhdr Warning: \headheight is too small (12.0pt): 
(fancyhdr)                Make it at least 13.59999pt, for example:
(fancyhdr)                \setlength{\headheight}{13.59999pt}.
(fancyhdr)                You might also make \topmargin smaller to compensate:

(fancyhdr)                \addtolength{\topmargin}{-1.59999pt}.

[148]

Package fancyhdr Warning: \headheight is too small (12.0pt): 
(fancyhdr)                Make it at least 13.59999pt, for example:
(fancyhdr)                \setlength{\headheight}{13.59999pt}.
(fancyhdr)                You might also make \topmargin smaller to compensate:

(fancyhdr)                \addtolength{\topmargin}{-1.59999pt}.

[149]

Package fancyhdr Warning: \headheight is too small (12.0pt): 
(fancyhdr)                Make it at least 13.59999pt, for example:
(fancyhdr)                \setlength{\headheight}{13.59999pt}.
(fancyhdr)                You might also make \topmargin smaller to compensate:

(fancyhdr)                \addtolength{\topmargin}{-1.59999pt}.

[150])

Package fancyhdr Warning: \headheight is too small (12.0pt): 
(fancyhdr)                Make it at least 13.59999pt, for example:
(fancyhdr)                \setlength{\headheight}{13.59999pt}.
(fancyhdr)                You might also make \topmargin smaller to compensate:

(fancyhdr)                \addtolength{\topmargin}{-1.59999pt}.

[151]

Package fancyhdr Warning: \headheight is too small (12.0pt): 
(fancyhdr)                Make it at least 13.59999pt, for example:
(fancyhdr)                \setlength{\headheight}{13.59999pt}.
(fancyhdr)                You might also make \topmargin smaller to compensate:

(fancyhdr)                \addtolength{\topmargin}{-1.59999pt}.

[152



]
Chapter 13.
[153]
\openout2 = `chapters/cost_control.aux'.

 (chapters/cost_control.tex
Overfull \hbox (281.7834pt too wide) in paragraph at lines 50--58
 [][] 
 []


Package fancyhdr Warning: \headheight is too small (12.0pt): 
(fancyhdr)                Make it at least 13.59999pt, for example:
(fancyhdr)                \setlength{\headheight}{13.59999pt}.
(fancyhdr)                You might also make \topmargin smaller to compensate:

(fancyhdr)                \addtolength{\topmargin}{-1.59999pt}.

[154

]

Package fancyhdr Warning: \headheight is too small (12.0pt): 
(fancyhdr)                Make it at least 13.59999pt, for example:
(fancyhdr)                \setlength{\headheight}{13.59999pt}.
(fancyhdr)                You might also make \topmargin smaller to compensate:

(fancyhdr)                \addtolength{\topmargin}{-1.59999pt}.

[155pdfTeX warning (ext4): destination with the same identifier (name{table.13.
1}) has been already used, duplicate ignored
<argument> ...shipout:D \box_use:N \l_shipout_box 
                                                  \__shipout_drop_firstpage_...
l.97     \item C
                an define host affinity so that instance reboots are kept on...
]

Package fancyhdr Warning: \headheight is too small (12.0pt): 
(fancyhdr)                Make it at least 13.59999pt, for example:
(fancyhdr)                \setlength{\headheight}{13.59999pt}.
(fancyhdr)                You might also make \topmargin smaller to compensate:

(fancyhdr)                \addtolength{\topmargin}{-1.59999pt}.

[156]

chapters/cost_control.tex:149: LaTeX Error: Something's wrong--perhaps a missin
g \item.

See the LaTeX manual or LaTeX Companion for explanation.
Type  H <return>  for immediate help.
 ...                                              
                                                  
l.149     \begin{itemize}
                         
Try typing  <return>  to proceed.
If that doesn't work, type  X <return>  to quit.


Package fancyhdr Warning: \headheight is too small (12.0pt): 
(fancyhdr)                Make it at least 13.59999pt, for example:
(fancyhdr)                \setlength{\headheight}{13.59999pt}.
(fancyhdr)                You might also make \topmargin smaller to compensate:

(fancyhdr)                \addtolength{\topmargin}{-1.59999pt}.

[157]

chapters/cost_control.tex:194: LaTeX Error: Something's wrong--perhaps a missin
g \item.

See the LaTeX manual or LaTeX Companion for explanation.
Type  H <return>  for immediate help.
 ...                                              
                                                  
l.194         \item 9
                     9.9\% Availability
Try typing  <return>  to proceed.
If that doesn't work, type  X <return>  to quit.


chapters/cost_control.tex:194: LaTeX Error: Something's wrong--perhaps a missin
g \item.

See the LaTeX manual or LaTeX Companion for explanation.
Type  H <return>  for immediate help.
 ...                                              
                                                  
l.194         \item 9
                     9.9\% Availability
Try typing  <return>  to proceed.
If that doesn't work, type  X <return>  to quit.


chapters/cost_control.tex:194: LaTeX Error: Something's wrong--perhaps a missin
g \item.

See the LaTeX manual or LaTeX Companion for explanation.
Type  H <return>  for immediate help.
 ...                                              
                                                  
l.194         \item 9
                     9.9\% Availability
Try typing  <return>  to proceed.
If that doesn't work, type  X <return>  to quit.


chapters/cost_control.tex:195: LaTeX Error: Something's wrong--perhaps a missin
g \item.

See the LaTeX manual or LaTeX Companion for explanation.
Type  H <return>  for immediate help.
 ...                                              
                                                  
l.195         \item U
                     se cases: Disaster Recovery, backups
Try typing  <return>  to proceed.
If that doesn't work, type  X <return>  to quit.


chapters/cost_control.tex:195: LaTeX Error: Something's wrong--perhaps a missin
g \item.

See the LaTeX manual or LaTeX Companion for explanation.
Type  H <return>  for immediate help.
 ...                                              
                                                  
l.195         \item U
                     se cases: Disaster Recovery, backups
Try typing  <return>  to proceed.
If that doesn't work, type  X <return>  to quit.


chapters/cost_control.tex:195: LaTeX Error: Something's wrong--perhaps a missin
g \item.

See the LaTeX manual or LaTeX Companion for explanation.
Type  H <return>  for immediate help.
 ...                                              
                                                  
l.195         \item U
                     se cases: Disaster Recovery, backups
Try typing  <return>  to proceed.
If that doesn't work, type  X <return>  to quit.


chapters/cost_control.tex:196: LaTeX Error: Something's wrong--perhaps a missin
g \item.

See the LaTeX manual or LaTeX Companion for explanation.
Type  H <return>  for immediate help.
 ...                                              
                                                  
l.196     \end{itemize}
                       
Try typing  <return>  to proceed.
If that doesn't work, type  X <return>  to quit.


Package fancyhdr Warning: \headheight is too small (12.0pt): 
(fancyhdr)                Make it at least 13.59999pt, for example:
(fancyhdr)                \setlength{\headheight}{13.59999pt}.
(fancyhdr)                You might also make \topmargin smaller to compensate:

(fancyhdr)                \addtolength{\topmargin}{-1.59999pt}.

[158]

Package fancyhdr Warning: \headheight is too small (12.0pt): 
(fancyhdr)                Make it at least 13.59999pt, for example:
(fancyhdr)                \setlength{\headheight}{13.59999pt}.
(fancyhdr)                You might also make \topmargin smaller to compensate:

(fancyhdr)                \addtolength{\topmargin}{-1.59999pt}.

[159]

Package fancyhdr Warning: \headheight is too small (12.0pt): 
(fancyhdr)                Make it at least 13.59999pt, for example:
(fancyhdr)                \setlength{\headheight}{13.59999pt}.
(fancyhdr)                You might also make \topmargin smaller to compensate:

(fancyhdr)                \addtolength{\topmargin}{-1.59999pt}.

[160])

Package fancyhdr Warning: \headheight is too small (12.0pt): 
(fancyhdr)                Make it at least 13.59999pt, for example:
(fancyhdr)                \setlength{\headheight}{13.59999pt}.
(fancyhdr)                You might also make \topmargin smaller to compensate:

(fancyhdr)                \addtolength{\topmargin}{-1.59999pt}.

[161]

Package fancyhdr Warning: \headheight is too small (12.0pt): 
(fancyhdr)                Make it at least 13.59999pt, for example:
(fancyhdr)                \setlength{\headheight}{13.59999pt}.
(fancyhdr)                You might also make \topmargin smaller to compensate:

(fancyhdr)                \addtolength{\topmargin}{-1.59999pt}.

[162



]
Chapter 14.
[163]
\openout2 = `chapters/migration.aux'.

 (chapters/migration.tex
Overfull \hbox (7.72467pt too wide) in paragraph at lines 3--4
\OT1/phv/m/n/10.95 https://aws.amazon.com/blogs/enterprise-strategy/new-possibi
lities-seven-strategies-to-accelerate-
 []


Package fancyhdr Warning: \headheight is too small (12.0pt): 
(fancyhdr)                Make it at least 13.59999pt, for example:
(fancyhdr)                \setlength{\headheight}{13.59999pt}.
(fancyhdr)                You might also make \topmargin smaller to compensate:

(fancyhdr)                \addtolength{\topmargin}{-1.59999pt}.

[164

])
Runaway argument?
{Amazon S3 File Gateway \begin {itemize} \item Configured S3 buckets \ETC.
main.tex:173: File ended while scanning use of \@xdblarg.
<inserted text> 
                \par 
l.173     \include{chapters/migration}
                                      
I suspect you have forgotten a `}', causing me
to read past where you wanted me to stop.
I'll try to recover; but if the error is serious,
you'd better type `E' or `X' now and fix your file.


Package fancyhdr Warning: \headheight is too small (12.0pt): 
(fancyhdr)                Make it at least 13.59999pt, for example:
(fancyhdr)                \setlength{\headheight}{13.59999pt}.
(fancyhdr)                You might also make \topmargin smaller to compensate:

(fancyhdr)                \addtolength{\topmargin}{-1.59999pt}.

[165]

Package fancyhdr Warning: \headheight is too small (12.0pt): 
(fancyhdr)                Make it at least 13.59999pt, for example:
(fancyhdr)                \setlength{\headheight}{13.59999pt}.
(fancyhdr)                You might also make \topmargin smaller to compensate:

(fancyhdr)                \addtolength{\topmargin}{-1.59999pt}.

[166



]
Chapter 15.
[167]
\openout2 = `chapters/vpc.aux'.

 (chapters/vpc.tex

Package fancyhdr Warning: \headheight is too small (12.0pt): 
(fancyhdr)                Make it at least 13.59999pt, for example:
(fancyhdr)                \setlength{\headheight}{13.59999pt}.
(fancyhdr)                You might also make \topmargin smaller to compensate:

(fancyhdr)                \addtolength{\topmargin}{-1.59999pt}.

[168

]
chapters/vpc.tex:93: Missing $ inserted.
<inserted text> 
                $
l.93 ...IPv6 addresses are public, total 3.4 x 10^
                                                  38 addresses (vs 4.3 billi...
I've inserted a begin-math/end-math symbol since I think
you left one out. Proceed, with fingers crossed.


chapters/vpc.tex:94: LaTeX Error: Command \item invalid in math mode.

See the LaTeX manual or LaTeX Companion for explanation.
Type  H <return>  for immediate help.
 ...                                              
                                                  
l.94     \item
               Example CIDR:2600:LfL8:80c:a900::/56
Try typing  <return>  to proceed.
If that doesn't work, type  X <return>  to quit.


chapters/vpc.tex:94: LaTeX Error: Something's wrong--perhaps a missing \item.

See the LaTeX manual or LaTeX Companion for explanation.
Type  H <return>  for immediate help.
 ...                                              
                                                  
l.94     \item E
                xample CIDR:2600:LfL8:80c:a900::/56
Try typing  <return>  to proceed.
If that doesn't work, type  X <return>  to quit.


chapters/vpc.tex:94: LaTeX Error: Something's wrong--perhaps a missing \item.

See the LaTeX manual or LaTeX Companion for explanation.
Type  H <return>  for immediate help.
 ...                                              
                                                  
l.94     \item E
                xample CIDR:2600:LfL8:80c:a900::/56
Try typing  <return>  to proceed.
If that doesn't work, type  X <return>  to quit.


chapters/vpc.tex:95: LaTeX Error: Command \item invalid in math mode.

See the LaTeX manual or LaTeX Companion for explanation.
Type  H <return>  for immediate help.
 ...                                              
                                                  
l.95     \item
               Addresses are "random" and can't be scanned online (because t...

Try typing  <return>  to proceed.
If that doesn't work, type  X <return>  to quit.

chapters/vpc.tex:95: Missing $ inserted.
<inserted text> 
                $
l.95     \item A
                ddresses are "random" and can't be scanned online (because t...
I've inserted a begin-math/end-math symbol since I think
you left one out. Proceed, with fingers crossed.

chapters/vpc.tex:95: Missing } inserted.
<inserted text> 
                }
l.95     \item A
                ddresses are "random" and can't be scanned online (because t...
I've inserted something that you may have forgotten.
(See the <inserted text> above.)
With luck, this will get me unwedged. But if you
really didn't forget anything, try typing `2' now; then
my insertion and my current dilemma will both disappear.

chapters/vpc.tex:95: Extra }, or forgotten \endgroup.
\par ...m \@noitemerr {\@@par }\fi \else {\@@par }
                                                  \fi 
l.95     \item A
                ddresses are "random" and can't be scanned online (because t...
I've deleted a group-closing symbol because it seems to be
spurious, as in `$x}$'. But perhaps the } is legitimate and
you forgot something else, as in `\hbox{$x}'. In such cases
the way to recover is to insert both the forgotten and the
deleted material, e.g., by typing `I$}'.


Package fancyhdr Warning: \headheight is too small (12.0pt): 
(fancyhdr)                Make it at least 13.59999pt, for example:
(fancyhdr)                \setlength{\headheight}{13.59999pt}.
(fancyhdr)                You might also make \topmargin smaller to compensate:

(fancyhdr)                \addtolength{\topmargin}{-1.59999pt}.

[169]

Package fancyhdr Warning: \headheight is too small (12.0pt): 
(fancyhdr)                Make it at least 13.59999pt, for example:
(fancyhdr)                \setlength{\headheight}{13.59999pt}.
(fancyhdr)                You might also make \topmargin smaller to compensate:

(fancyhdr)                \addtolength{\topmargin}{-1.59999pt}.

[170]

Package fancyhdr Warning: \headheight is too small (12.0pt): 
(fancyhdr)                Make it at least 13.59999pt, for example:
(fancyhdr)                \setlength{\headheight}{13.59999pt}.
(fancyhdr)                You might also make \topmargin smaller to compensate:

(fancyhdr)                \addtolength{\topmargin}{-1.59999pt}.

[171]

Package fancyhdr Warning: \headheight is too small (12.0pt): 
(fancyhdr)                Make it at least 13.59999pt, for example:
(fancyhdr)                \setlength{\headheight}{13.59999pt}.
(fancyhdr)                You might also make \topmargin smaller to compensate:

(fancyhdr)                \addtolength{\topmargin}{-1.59999pt}.

[172]
chapters/vpc.tex:236: Missing $ inserted.
<inserted text> 
                $
l.236 ... Policy to restrict access to bucket "my_
                                                  secure_bucket"
I've inserted a begin-math/end-math symbol since I think
you left one out. Proceed, with fingers crossed.

chapters/vpc.tex:238: Missing $ inserted.
<inserted text> 
                $
l.238 
      
I've inserted a begin-math/end-math symbol since I think
you left one out. Proceed, with fingers crossed.

chapters/vpc.tex:238: Missing } inserted.
<inserted text> 
                }
l.238 
      
I've inserted something that you may have forgotten.
(See the <inserted text> above.)
With luck, this will get me unwedged. But if you
really didn't forget anything, try typing `2' now; then
my insertion and my current dilemma will both disappear.

chapters/vpc.tex:238: Extra }, or forgotten \endgroup.
\par ...m \@noitemerr {\@@par }\fi \else {\@@par }
                                                  \fi 
l.238 
      
I've deleted a group-closing symbol because it seems to be
spurious, as in `$x}$'. But perhaps the } is legitimate and
you forgot something else, as in `\hbox{$x}'. In such cases
the way to recover is to insert both the forgotten and the
deleted material, e.g., by typing `I$}'.


Package fancyhdr Warning: \headheight is too small (12.0pt): 
(fancyhdr)                Make it at least 13.59999pt, for example:
(fancyhdr)                \setlength{\headheight}{13.59999pt}.
(fancyhdr)                You might also make \topmargin smaller to compensate:

(fancyhdr)                \addtolength{\topmargin}{-1.59999pt}.

[173]

chapters/vpc.tex:301: LaTeX Error: Lonely \item--perhaps a missing list environ
ment.

See the LaTeX manual or LaTeX Companion for explanation.
Type  H <return>  for immediate help.
 ...                                              
                                                  
l.301 \item C
             reate static route in corporate data centre for 10.0.0.1/24 thr...

Try typing  <return>  to proceed.
If that doesn't work, type  X <return>  to quit.


Underfull \hbox (badness 10000) detected at line 301
[][]
 []


chapters/vpc.tex:302: LaTeX Error: Lonely \item--perhaps a missing list environ
ment.

See the LaTeX manual or LaTeX Companion for explanation.
Type  H <return>  for immediate help.
 ...                                              
                                                  
l.302 \item C
             reate static route in AWS for 10.3.0.0/20 through the VGW
Try typing  <return>  to proceed.
If that doesn't work, type  X <return>  to quit.


Underfull \hbox (badness 10000) detected at line 302
[][]
 []


chapters/vpc.tex:303: LaTeX Error: Lonely \item--perhaps a missing list environ
ment.

See the LaTeX manual or LaTeX Companion for explanation.
Type  H <return>  for immediate help.
 ...                                              
                                                  
l.303 \item D
             ynamic Routing (BGP)
Try typing  <return>  to proceed.
If that doesn't work, type  X <return>  to quit.


Underfull \hbox (badness 10000) detected at line 303
[][]
 []


chapters/vpc.tex:304: LaTeX Error: Lonely \item--perhaps a missing list environ
ment.

See the LaTeX manual or LaTeX Companion for explanation.
Type  H <return>  for immediate help.
 ...                                              
                                                  
l.304 \item U
             sing BGP (Border Gateway Protocol) to share routes automaticall...

Try typing  <return>  to proceed.
If that doesn't work, type  X <return>  to quit.


Underfull \hbox (badness 10000) detected at line 304
[][]
 []


chapters/vpc.tex:305: LaTeX Error: Lonely \item--perhaps a missing list environ
ment.

See the LaTeX manual or LaTeX Companion for explanation.
Type  H <return>  for immediate help.
 ...                                              
                                                  
l.305 \item W
             e don't need to update the routing tables, it will be done for ...

Try typing  <return>  to proceed.
If that doesn't work, type  X <return>  to quit.


Underfull \hbox (badness 10000) detected at line 305
[][]
 []


chapters/vpc.tex:306: LaTeX Error: Lonely \item--perhaps a missing list environ
ment.

See the LaTeX manual or LaTeX Companion for explanation.
Type  H <return>  for immediate help.
 ...                                              
                                                  
l.306 \item J
             ust need to specify the ASN (Autonomous System Number) of the C...

Try typing  <return>  to proceed.
If that doesn't work, type  X <return>  to quit.


Underfull \hbox (badness 10000) detected at line 306
[][]
 []


Package fancyhdr Warning: \headheight is too small (12.0pt): 
(fancyhdr)                Make it at least 13.59999pt, for example:
(fancyhdr)                \setlength{\headheight}{13.59999pt}.
(fancyhdr)                You might also make \topmargin smaller to compensate:

(fancyhdr)                \addtolength{\topmargin}{-1.59999pt}.

[174]

Package fancyhdr Warning: \headheight is too small (12.0pt): 
(fancyhdr)                Make it at least 13.59999pt, for example:
(fancyhdr)                \setlength{\headheight}{13.59999pt}.
(fancyhdr)                You might also make \topmargin smaller to compensate:

(fancyhdr)                \addtolength{\topmargin}{-1.59999pt}.

[175]

Package fancyhdr Warning: \headheight is too small (12.0pt): 
(fancyhdr)                Make it at least 13.59999pt, for example:
(fancyhdr)                \setlength{\headheight}{13.59999pt}.
(fancyhdr)                You might also make \topmargin smaller to compensate:

(fancyhdr)                \addtolength{\topmargin}{-1.59999pt}.

[176]
Overfull \hbox (5.64548pt too wide) in paragraph at lines 473--475
[]\OT1/phv/m/n/10.95 Flow logs ex-am-ples: https://docs.aws.amazon.com/vpc/late
st/userguide/flow-logsrecords- ex-
 []


Package fancyhdr Warning: \headheight is too small (12.0pt): 
(fancyhdr)                Make it at least 13.59999pt, for example:
(fancyhdr)                \setlength{\headheight}{13.59999pt}.
(fancyhdr)                You might also make \topmargin smaller to compensate:

(fancyhdr)                \addtolength{\topmargin}{-1.59999pt}.

[177]

Package fancyhdr Warning: \headheight is too small (12.0pt): 
(fancyhdr)                Make it at least 13.59999pt, for example:
(fancyhdr)                \setlength{\headheight}{13.59999pt}.
(fancyhdr)                You might also make \topmargin smaller to compensate:

(fancyhdr)                \addtolength{\topmargin}{-1.59999pt}.

[178])

Package fancyhdr Warning: \headheight is too small (12.0pt): 
(fancyhdr)                Make it at least 13.59999pt, for example:
(fancyhdr)                \setlength{\headheight}{13.59999pt}.
(fancyhdr)                You might also make \topmargin smaller to compensate:

(fancyhdr)                \addtolength{\topmargin}{-1.59999pt}.

[179]

Package fancyhdr Warning: \headheight is too small (12.0pt): 
(fancyhdr)                Make it at least 13.59999pt, for example:
(fancyhdr)                \setlength{\headheight}{13.59999pt}.
(fancyhdr)                You might also make \topmargin smaller to compensate:

(fancyhdr)                \addtolength{\topmargin}{-1.59999pt}.

[180



]
Chapter 16.
[181]
\openout2 = `chapters/machine_learning.aux'.

 (chapters/machine_learning.tex

Package fancyhdr Warning: \headheight is too small (12.0pt): 
(fancyhdr)                Make it at least 13.59999pt, for example:
(fancyhdr)                \setlength{\headheight}{13.59999pt}.
(fancyhdr)                You might also make \topmargin smaller to compensate:

(fancyhdr)                \addtolength{\topmargin}{-1.59999pt}.

[182

]
LaTeX Font Info:    Font shape `OT1/phv/m/it' in size <10.95> not available
(Font)              Font shape `OT1/phv/m/sl' tried instead on input line 77.


Package fancyhdr Warning: \headheight is too small (12.0pt): 
(fancyhdr)                Make it at least 13.59999pt, for example:
(fancyhdr)                \setlength{\headheight}{13.59999pt}.
(fancyhdr)                You might also make \topmargin smaller to compensate:

(fancyhdr)                \addtolength{\topmargin}{-1.59999pt}.

[183]

Package fancyhdr Warning: \headheight is too small (12.0pt): 
(fancyhdr)                Make it at least 13.59999pt, for example:
(fancyhdr)                \setlength{\headheight}{13.59999pt}.
(fancyhdr)                You might also make \topmargin smaller to compensate:

(fancyhdr)                \addtolength{\topmargin}{-1.59999pt}.

[184]

Package fancyhdr Warning: \headheight is too small (12.0pt): 
(fancyhdr)                Make it at least 13.59999pt, for example:
(fancyhdr)                \setlength{\headheight}{13.59999pt}.
(fancyhdr)                You might also make \topmargin smaller to compensate:

(fancyhdr)                \addtolength{\topmargin}{-1.59999pt}.

[185])

Package fancyhdr Warning: \headheight is too small (12.0pt): 
(fancyhdr)                Make it at least 13.59999pt, for example:
(fancyhdr)                \setlength{\headheight}{13.59999pt}.
(fancyhdr)                You might also make \topmargin smaller to compensate:

(fancyhdr)                \addtolength{\topmargin}{-1.59999pt}.

[186]
Chapter 17.
[187



]
\openout2 = `chapters/other_services.aux'.

 (chapters/other_services.tex

Package fancyhdr Warning: \headheight is too small (12.0pt): 
(fancyhdr)                Make it at least 13.59999pt, for example:
(fancyhdr)                \setlength{\headheight}{13.59999pt}.
(fancyhdr)                You might also make \topmargin smaller to compensate:

(fancyhdr)                \addtolength{\topmargin}{-1.59999pt}.

[188

]

Package fancyhdr Warning: \headheight is too small (12.0pt): 
(fancyhdr)                Make it at least 13.59999pt, for example:
(fancyhdr)                \setlength{\headheight}{13.59999pt}.
(fancyhdr)                You might also make \topmargin smaller to compensate:

(fancyhdr)                \addtolength{\topmargin}{-1.59999pt}.

[189]

Package fancyhdr Warning: \headheight is too small (12.0pt): 
(fancyhdr)                Make it at least 13.59999pt, for example:
(fancyhdr)                \setlength{\headheight}{13.59999pt}.
(fancyhdr)                You might also make \topmargin smaller to compensate:

(fancyhdr)                \addtolength{\topmargin}{-1.59999pt}.

[190]

Package fancyhdr Warning: \headheight is too small (12.0pt): 
(fancyhdr)                Make it at least 13.59999pt, for example:
(fancyhdr)                \setlength{\headheight}{13.59999pt}.
(fancyhdr)                You might also make \topmargin smaller to compensate:

(fancyhdr)                \addtolength{\topmargin}{-1.59999pt}.

[191]

Package fancyhdr Warning: \headheight is too small (12.0pt): 
(fancyhdr)                Make it at least 13.59999pt, for example:
(fancyhdr)                \setlength{\headheight}{13.59999pt}.
(fancyhdr)                You might also make \topmargin smaller to compensate:

(fancyhdr)                \addtolength{\topmargin}{-1.59999pt}.

[192])

Package fancyhdr Warning: \headheight is too small (12.0pt): 
(fancyhdr)                Make it at least 13.59999pt, for example:
(fancyhdr)                \setlength{\headheight}{13.59999pt}.
(fancyhdr)                You might also make \topmargin smaller to compensate:

(fancyhdr)                \addtolength{\topmargin}{-1.59999pt}.

[193]
(C:/Users\Marjan\Documents\JavaProjects\aws-sol-arch-pro-notes\auxil\main.aux
(C:/Users\Marjan\Documents\JavaProjects\aws-sol-arch-pro-notes\out\chapters/ind
entity_and_federation.aux)
(C:/Users\Marjan\Documents\JavaProjects\aws-sol-arch-pro-notes\auxil\chapters/s
ecurity.aux)
(C:/Users\Marjan\Documents\JavaProjects\aws-sol-arch-pro-notes\auxil\chapters/c
ompute_and_load_balancing.aux)
(C:/Users\Marjan\Documents\JavaProjects\aws-sol-arch-pro-notes\auxil\chapters/s
torage.aux)
(C:/Users\Marjan\Documents\JavaProjects\aws-sol-arch-pro-notes\auxil\chapters/c
aching.aux)
(C:/Users\Marjan\Documents\JavaProjects\aws-sol-arch-pro-notes\auxil\chapters/d
atabases.aux)
(C:/Users\Marjan\Documents\JavaProjects\aws-sol-arch-pro-notes\auxil\chapters/s
ervice_communication.aux)
(C:/Users\Marjan\Documents\JavaProjects\aws-sol-arch-pro-notes\auxil\chapters/d
ata_engineering.aux)
(C:/Users\Marjan\Documents\JavaProjects\aws-sol-arch-pro-notes\auxil\chapters/m
onitoring.aux)
(C:/Users\Marjan\Documents\JavaProjects\aws-sol-arch-pro-notes\auxil\chapters/d
eployment_and_instance_management.aux)
(C:/Users\Marjan\Documents\JavaProjects\aws-sol-arch-pro-notes\auxil\chapters/c
ost_control.aux)
(C:/Users\Marjan\Documents\JavaProjects\aws-sol-arch-pro-notes\auxil\chapters/m
igration.aux)
(C:/Users\Marjan\Documents\JavaProjects\aws-sol-arch-pro-notes\auxil\chapters/v
pc.aux)
(C:/Users\Marjan\Documents\JavaProjects\aws-sol-arch-pro-notes\auxil\chapters/m
achine_learning.aux)
(C:/Users\Marjan\Documents\JavaProjects\aws-sol-arch-pro-notes\auxil\chapters/o
ther_services.aux))

LaTeX Warning: Label(s) may have changed. Rerun to get cross-references right.

Package rerunfilecheck Info: File `main.out' has not changed.
(rerunfilecheck)             Checksum: 5C93EFC6DD1287FDD7B125DED4BDB704;111541.

 ) 
Here is how much of TeX's memory you used:
 36192 strings out of 478864
 842678 string characters out of 2848186
 1509033 words of memory out of 3000000
 52550 multiletter control sequences out of 15000+600000
 423202 words of font info for 62 fonts, out of 8000000 for 9000
 1141 hyphenation exceptions out of 8191
 84i,12n,89p,723b,1287s stack positions out of 5000i,500n,10000p,200000b,80000s
{C:/Users/Marjan/AppData/Local/Programs/MiKTeX/fonts/enc/dvips/base/8r.enc}<C
:/Users/Marjan/AppData/Local/Programs/MiKTeX/fonts/type1/public/amsfonts/cm/cmm
i10.pfb><C:/Users/Marjan/AppData/Local/Programs/MiKTeX/fonts/type1/public/amsfo
nts/cm/cmmi8.pfb><C:/Users/Marjan/AppData/Local/Programs/MiKTeX/fonts/type1/pub
lic/amsfonts/cm/cmr10.pfb><C:/Users/Marjan/AppData/Local/Programs/MiKTeX/fonts/
type1/public/amsfonts/cm/cmr8.pfb><C:/Users/Marjan/AppData/Local/Programs/MiKTe
X/fonts/type1/public/amsfonts/cm/cmsy10.pfb><C:/Users/Marjan/AppData/Local/Prog
rams/MiKTeX/fonts/type1/urw/helvetic/uhvb8a.pfb><C:/Users/Marjan/AppData/Local/
Programs/MiKTeX/fonts/type1/urw/helvetic/uhvr8a.pfb><C:/Users/Marjan/AppData/Lo
cal/Programs/MiKTeX/fonts/type1/urw/helvetic/uhvro8a.pfb>
Output written on C:/Users\Marjan\Documents\JavaProjects\aws-sol-arch-pro-notes
\out\main.pdf (193 pages, 831055 bytes).
PDF statistics:
 3887 PDF objects out of 4296 (max. 8388607)
 838 named destinations out of 1000 (max. 500000)
 4429 words of extra memory for PDF output out of 10000 (max. 10000000)

